cluster	rank	id	dist_to_center	is_medoid	sequence
0	1	WP_039754478.1	0.0577	True	MAHIGLICPAMTGHLNTMLPLGRELQIRGHQVTLFGLLDNQRSTLAAGLNFQAIGESEFPAGAMTQLEAEQGKLVGSAALQYCISWLRKLAITFLEETPQALKQAGVDALLVDQVSPEGGTIAEYLNIPFATVCSGLILNRDKSVPPYGTLWSYSPNWWAPMRNRVAHIYYDFLERSIWEAIFKYRRKWNLPFYSSYDDYFSPLVQLSQQPAEFEFPRTTLPKWFHFTGPYHNSSGRKSVSFPYEKLTGQPLIYASLGTVMGHLVEIFKTIAEAVDGLDAQLVISLGGATSSQPLPELSGSPLVVEYAPQLELLQKTALTITHAGMNTTLECLSHGVPMVAIPICNDQPGVATRIAWTGSGEFVPVSQLSVPKLRTAIKRVLTENSYKKNATRLQQAIRQAGGINRAADIIEQMIFTKKPVFA
0	2	MFB8794545.1	0.0735	False	MTHFGIICPAGTGHLNTMIPLGRELLRRGHRVTVLGFLDAQVTTLASGLEFQPFAEDEFPVGSNAEEFTQRGKLSGLAALQYSLKAGHKRLAAILRDAPTAIKKASIEALLVDQISLEGGTIAEFLNIPFITVCSALLLNREPNIPPIVTTWQYSPTWKGRLRNQIGYQLLNLLTKPIRETIAESRRQWKLPLYSNRNDYYSKLAQISQQPAKFEFPRQKLPPHFHFTGPYHNPATRKPVPFPFEQLTDKPLIYASMGTIINRLPEFFQTIASACEGLDAQLVISLGAGATPESLPPLPGNPLVVGYAPQLELLQKATLTITHAGMNTTLESLSNGVPMVAIPVMNDGPGVAARIAYTGVGEVVALKELSVTKLRSAIVKVLTQESYKQRAIEMQEAIVRSGGVKKAADIIEQVILTGKPVLA
0	3	WP_106371235.1	0.0757	False	MTHFGIICPTGSHLTSCFPLGFELQRRGHCITFLNVVDVQDKILAANFRFRAFEETGFPGSQVRLADRIGKLTGMAAVKETIKVCEQDFQIILQKAPAIIKTENIQALLVDQCSPVGGIVADFLNIPFISLCNALPLNREISIPPPFTSWRYSSTWGAKVRNQTGYALFNVLAKRVRRLIDEYRQQWKLPRYSHPNYNFSQLAQLSQQPVEFEFPRTNLPPHFHFTGPYHNSIGRENVSFPWEKLTGQPLVYASLGTVLNQLLPVFEAIAAACVGLDVQLVISLGGGMPLETMSNLPGSPLVVSYAPQLELLKKAVLTITHAGLNTALESLTHGVPMVAIPITNDQPGVAARIAWSGAGEMIPVSNLTVARLRSTIHKVLTQDSYKAQASRLQLAIQNSGGVDQAANIIESAIATGKPVLRSTT
0	4	WP_287279560.1	0.0772	False	MTHFGLICPGSTGHLNTMLPLGQELKRRGHRVTMIGVLDAEAKTLAAGLEFLAYGTEEYPKGGMAESLNQLSKLSGLAAFRYTINLFKDGANVLLRDAPQVIKNAGVDALLIDQASSAGSIADFLNIPFITICSAVVLNPDENLPPYFTNWKYSTAWWAKLRNQAGYALYKRLRKPIAQVVAEYRRQWNLPLYSQLGDAYSQLAQISHQPAELEFPRKNLPQWFHFTGPYHYSSSREPVCFPWDKLTGKPLIYASMGTVQNRLIDVFYKIAAACEGLDAQLVISLGGSATPESLPNLPGSPLVVEYAPQLELLKKVTLTITHAGMNTTLECLNNAVPMVAIPIANDQPGIAARIAWTGAGEVVPLKQITVPGLQKAISQVLTQPSYKENALRLQKAIDTAGGVTRAADIIEQVVSTGKPVLAGTI
0	5	WP_310429710.1	0.0816	False	MVHLGLFCPAETGHLNTMLPLGQEMHRRGHRVTFFGIVDAKSKVLAAGLEFRSIGEAEFPAGASDRLFEELGKLSGVAALLYTMDWIKQSAIVFLKEGPNVLKDAQIEAILVDQISPEGGIVAEFLDIPFITICSALPFNQEPTIPPLFTTWKYNPSWWAVLRNQLVYQLVNPFTRSIKKLRSDYRKSWKLPPEISADSQLAILTQQPAEFEYPRKSLPDYFHFTGPYHNQTSRKPVDFPWEQLTDKPLIYASMGTLQNQLTDVFKAIAEACVGLDAQLVISLGGASLESLPALPGNPIVVSYAPQLALLERAAVAITHAGMNTALECLTYGVPMVAIPVTNDQPGVAARIAWTGAGEIVPFNKLTATRLQTALNLVLTEPSYQENALRLKRSISEAGGVNRAADIIELAISTRQPVNRA
1	1	WP_400561620.1	0.0318	True	MRVLFTFAGGNGHFRPLLPLAHALAGAGHPIAFTGEPLMVPVVEATGFTAFPSGPNLGSDGGELRPLLPVDRDREDSDLRDGFVRRTAPQRAKDVIALCEDWEPDLLVCDEADHGAMIAAEHLGLPHATVLVIAAGVLIRAELIDDALNEVRAVHGLPPQRNLEMAYRHLVLSPFPSSFRDPRFPLPATARPFHSPQPGRGPAPEWHVEGRPTVYFTLGTIFNTESGDLFARALAGLREVDATCVVTVGNLVDPAEFGPQPEHIHLTRYLPQDDVLPYCDAVLSHGGSGSLLGALAHGLPMVLLPMGADQPHNGDRVTELGLGTVLDVIDATPEDIRDAVSTVLREPSYREVAGRLRDEITAYPAPEEIVPLLEGLLR
1	2	WP_360961860.1	0.036	False	MRVLFTFAGGNGHFRPLLPLAHALAGAGHTIAFTGEPLMVPIVEAAGLTAFPSGPNLGSDGARRPLLPVDRDREDSDLRDGFVRRTAPQRAKDVMALCQSWEPDLLVCDEADHGAMIAAERLGLPHATVLVTAAGVLIRAELIDDALNEVRAAHGLPPQRNLEMAYRHLVLSPFPASFRDPRSPLPPTARPFHSPLPARGPAPEWYVEDRPTVYFTLGTIFNTESGDLFARALAGLREVDATCVVTVGNLIDPAEFGPQPEHIHLTRYLPQDDVLPYCDAVLSHGGSGSLLGALAHGLPMVLLPMGADQPHNGDRVTELGLGTVLDVIDATPQDIRDAVTTVLREPSYREAAGRLRDEVTAYPAPETIVPLLEGLLR
1	3	WP_360085683.1	0.0364	False	MRVLFTFAGGNGHFRPLLPLARAVADAGHTIAFTGEPLMIPVVEATGFTAFPSGPNLGSDGGGLRPLLPVDRDREDSDLRDGFVRRTAPQRAKDVIALCEDWEPDLLVCDEADHGAMIAAERLGLPHATVLVIAAGVLIRAGLIDDALNEVRAVHGLPPQRNLEMAYRHLVLSPFPASFRDPRFPLPPTARPFHSPLPGRGPAPEWHVEGRPTVYFTLGTIFNTESGDLFARALAGLREVDATCVVTVGNLVDPAEFGPQPEHIHLTRYLPQDDVLPYCDAVLSHGGSGSLLGALAHGLPMVLLPMGADQPHNGDRVTELGLGAVLDVITATPRDIRDAVSTVLREPSYRAVAGRLRDEITAYPAPEEIVPLLEGLLR
1	4	WP_378415891.1	0.0371	False	MRVLFTFAGGNGHFRPLLPLAHALAGAGHTIAFTGEPLMVPVVEATGFTAFPSGPNLGSDGGGLRPLLPVDRDREDSDLRDGFVRRTAPQRAKDVMALCEDWEPDLLVCDEADHGAMIAAERLGLPHATVLVIAAGVLIRAELIDDALNEIRAVHDLPPQRNLEMAYRHLVLSPFPASFRDPRFPLPPTARPFHSPLPARGPAPEWHVEDRPTVYFTLGTIFNTESGDLFARALAGLREVDATCVVTVGNLIDPAEFGPQPEHLHLTRYLPQDDVLPYCDAVLSHGGSGSLLGALAHGLPMVLLPMGADQPHNGDRVTELGLGIVLDVIDATPQDIRDAVTAVLREPSYREAAGRLRDEITAYPAPEEIVPLLEGLLR
1	5	WP_360131941.1	0.0377	False	MRVLFTFAGGNGHFRPLLPLAHALAEAGHTIAFTGEPLMVPVVEATGFTAFPSGPNLGSDGGGLRPLLPVDRDREDSDLRDGFVRRTAPQRAKDVIALCEDWEPDLLVCDEADHGAMIAAERLGLPHATVLVIAAGVLIRAELIDDALNEVRAVHDLPPQRNLEMAYRHLVLSPFPASFRDPRFPLPPTARPFHSPLPGRGPAPEWHVEGRPTVYFTLGTIFNTESGDLFARALAGLREVDATCVVTVGNLVDPAEFGPQPEHIHLTRYLPQDDVLPYCDAVLSHGGSGSLLGALAHGLPMVLLPMGADQPHNGDRVTELGLGAVLDVIDATPRDIRDAVSTVLREPSYREAAGRLRDEITACPAPEEIVPLLEGLLR
2	1	WP_212618557.1	0.0451	True	MRHFAVISPPFLSHLRAMEAIACELLDRGHRVTVVQQADVAAGLRHPALAFAQVGAGSHPSGSLKAVIERAARPGGPWGIRRVIADMASATEMFCRDAPAVLRAIGADCIIADQMEPAGGLVAEYLGLPFVSVACALPVNREAQVPLPVMPWRYRPTPWGEQLNLHSSGVYDRAMQAHASVIARYAAAFGLPPRQRLDECLSPLLQLSQTTAGFDFPRTALPEHFHCVGPLRSPLSAEPPMDIPVATGRPFVFASLGTLQGDRFGLFQRIAEACRELDVQLLIAHCGRLEATQERRLLNAGASWVTDFAPQRAVLARADALITHAGLNTVLDALEAGVPSLALPIAFDQPGVAARVVHAGVGLKLDPRLASRRRIVQGLRRLLREPGFAQRAKNLGEEVRTAGGAPRAAQLIEAALKVESPILRRAEHG
2	2	WP_392631086.1	0.0461	False	MRHFAVISPPFLSHLRAMEAIACELLDRGHRVTVVQQADVAAGLRHPALAFAQVGAGSHPSGSLKAVIERAARPGGPWGIRRVIADMASATEMFCRDAPAVLRAIGADCIIADQMEPAGGLVAEYLGLPFVSVACALPVNREAQVPLPVMPWRYRPTPWGEQLNLHSSGVYDRAMQAHASVIARYAAAFGLPPRQRLDECLSPLLQLSQTTACFDFPRTALPEHFHCVGPLRSPLTAEPPMDIPVATDRPFAFASLGTLQGDRFGLFQRIAEACRELDVQLLIAHCGRLEATQERRLLNAGASWVTDFAPQRAVLARADALITHAGLNTVLDALEAGVPSLALPIAFDQPGVAARVVHAGVGLKLDPRLASRRRIVQGLRRLLREPGFAQRAKNLGEEVRTAGGAPRAAQLIEAALKVESPILRRAEHG
2	3	WP_102846714.1	0.0498	False	MRHFAVISPPFLSHLRAMEAIACELLDRGHRVTVVQQADVAAGLRHPALAFAQVGAGSHPSGSLKAVIERAARPGGPWGIRRVIADMASATEMFCRDAPAVLRAIGADCIIADQMEPAGGLVAEYLGLPFVSVACALPVNREAQVPLPVMPWRYRPTPWGEQLNLHSSGVYDRAMQAHASVIARYAAAFGLPPRQRLDECLSPLLQLSQTTACFDFPRTALPEHFHCVGPLRSPLSAEPPMDIPVATGRPFVFASLGTLQGDRFGLFQRIAEACRELDVQLLIAHCGRLEATQERRLLNAGASWVTDFAPQRAVLARADALITHAGLNTVLDALEAGVPSLALPIAFDQPGVAARVVHAGVGLKLDPRLASRRRIVQGLRRLLREPGFAQRAKNLGEEVRTAGGAPRAAQLIEAALKVESPILRRAEHG
2	4	WP_021206455.1	0.0507	False	MRHFAVISPPFLSHLRAMEAIACELLDRGHRVTVVQQADVAAGLRHPALAFAQVGAGSHPSGSLKAVIERAARPGGPWGIRRVIADMASATEMFCRDAPAVLRAIGADCIIADQMEPAGGLVAEYLGLPFVSVACALPVNREAQVPLPVMPWRYRPTPWGEQLNLHSSGVYDRAMQAHASVIARYAAAFGLPPRQRLDECLSPLLQLSQTTAGFDFPRTALPDHFHAVGPLRSPLSAEPPMDIPVATGRPFVFASLGTLQGDRFGLFQRVAEACRELDVQLLIAHCGRLEATQERRLLNAGASWVTDFAPQRAVLARADALITHAGLNTVLDALEAGVPSLALPIAFDQPGVAARVVHAGVGLKLDPRLASRRRIVQGLRRLLREPGFVQLAKKLGEEVRAAGGAPRAAQLIEAALKVESPILRRAEHG
2	5	WP_241786973.1	0.0524	False	MRHFAVISPPFLSHLRAMEAIACELLDRGHRVTVVQQADVAAGLRHPALAFAQVGAGSRPSGSLKAVIERAARPGGPWGIRRVIADMASATEMFCRDAPAVLRAIGADCIIADQMEPAGGLVAEYLGLPFVSVACALPVNREAQVPLPVMPWRYRPTPWGEQLNLHSSGVYDRAMQAHASVIARYAAAFGLPPRQRLDECLSPLLQLSQTTACFDFPRTALPEHFHCVGPLRSPLSAEPPMDIPVATGRPFVFASLGTLQGDRFGLFQRIAEACRELDVQLLIAHCGRLEATQERRLLNAGASWVTDFAPQRAVLARADALITHAGLNTVLDALEAGVPSLALPIAFDQPGVAARVVHAGVGLKLDPRLASRRRIVQGLRRLLREPGFAQRAKNLGEEVRTAGGAPRAAQLIEAALKVESPILRRAEHG
3	1	WP_064424176.1	0.0497	True	MRVAVIAGPDPGHAFPALALCLRLLANGDSPTLLTGTEWLDTARDAGVAAAELLGLDPVDTDDDADAGAKVHQRGARMAVLNAPQIGKLAPDLVVSDVITTAGGFCAELLGLPWVELNPHPLYRPSKGLPPIGSGLAPGVGVRGRLRDAVLRALSARSWREGIRQRAAARVQIGLPAADPGPRRRLIATLPALEVPRPDWPAEAVVVGPLHFEPTSATLDIPPGDGPVVVVAPSTATTGAGGLAEVALETLIPGEVLPTGSRVVVSRLGGTEVAVPPWAVVGLGRQDELLSHADLVICGGGHGMVAKTLLAGIPMVVVPGGGDQWEIANRVVRQGSAQLVRPLTPDALARAVREVLDGPGYRDAARRAGATVADVEDPVRVCHEVLRAPA
3	2	WP_324687271.1	0.05	False	MRVAVVAGPDPGHSFPAIALCQRFSEAGDEPTLFTGAEWLDTARGAGIDAVELDGLKATDDDVDAGARIHRRAARMAVLNVPALRELAPDLVVSDVITAGGGMAAELLGIPWIELNPHPLYLPSKGLPPIGSGLAPGIGIRGRLRDAVMRALTGRSVRAGLRQRAVSRVEIGLPARDPGPLRRLIATLPALEVPRPDWPAEAVVVGPLHFEPTDRILQVPAGCGPVVVVAPSTAVIGTEGLAEVALGCLTPGKTVPAGSRLLVSRLDGPELTVPPWATVGLGRQDELLAHADLVVCGGGHGMVAKTLLAGLPLVVVPGGGDQWEIANRVLRQGSARLIRPLSADALVAAVNEVLSSPRCRAAAQTAAAGIADVADPVRVCRDALAAAR
3	3	WP_265998390.1	0.0506	False	MRVAVVAGPDPGHAFPAIALCLRLAAAGDHPILLTGAEWLDTARAAGIDAVELAGLDPIDDDDDTDAGAKIHQRAARMAELNVPVLRELAPDLIVSDVITACGGMAAELLGIPWVELCPHPLYQPSRGLPPIGSGLAPGTGVRGRARDAIMRALTARSVREGQRQRSAVRVQIGLPAGDPGPARRLIATLPALEVPRPDWPAEAVVVGPLHFEPTAAVLPVPPGEGPVIVVAPSTATTGTQGVAELALEHLVPGRTLPTGSRVVISRLGGQDLDVPPWACVGLGRQDELLAHADLVICGGGHGMLTKTLLAGVPLVVIPGGGDQWELANRVVRQGSARLIRPLGAEALVAEVGEVLSGSRYRDAARRAGESLRQVVDPVQVCHEAMRAAG
3	4	WP_077090887.1	0.0522	False	MRVAVIAGPDPGHSFPAIALCQRFSAAGDAPTLFTGVEWLETARNAGVHAVELDGLAATDEDVDAGARIHRRAARMAELNVPALRELAPDLVVSDVITAGGGMAAELLGIPWVELTPSPLYLPSKGLPPIGSGLAPGTGIGGRLRDVAMRAMTARSLRAGARQRSEARVAIGLPARDPGPLRRLIATLPALEVLRPDWPAEAVVVGPLHFEPTDRVLDIPAGSGPVVVVAPSTALIGTEDLAEVALGCLIPGETLPAGSRLVVSRLGGAQLSVPPWAVVGLGRQSDLLAHADLAICGGGHGMVAKALLAGVPVVVVPGGGDQWEIANRVARQGSGRLIRPLTAEALVAAVSEVLSTPGCRQAALAAADGAADVADPVRVCHEALALTR
3	5	WP_066963651.1	0.0525	False	MRVAVVAGPDPGHSFPAIALCQRFGEAGDEPMLFTGPQWLGAARAAGIDAVELDGLTATDEDVDAGARIHRRAARMAVLNVPALRDLAPDLVVSDVITAGGGMAAELLGIPWIELNPHPLYLPSKGLPPIGSGLAPGTGFRGLLRDAAMRALTARSWRAGIKQRAAARLEIGLPAVDPGPLRRLIATLPALEVPRPDWPEEAVVVGPLHFEPTDRVLDIPPGPGPVVVVAPSTALTGTAGLAEIALESLTPGDTLPAGSRLVVSRLGGAELAVPPWAVVGLGRQSELLTHADLVICGGGHGMVAKTLLSGVPLVVVPGGGDQWEMANRVVRQGSGRLIRPLTADALVAAVGDVLSSPGYRRAAQRAAAGIADVADPVHVCHQALALAG
4	1	HEX3681444.1	0.0729	True	MANIGIFCLPMPSHLNLFLVIAEALASRGHRMSFFGLSDNESKIRDAGFDFYSTDPDSARPGTFTQIKRHIGKRGTFAAMRAQGRFDELRYDAILRKGPELARRAGLDGVVVDQAEACSGSVAELAGLPWVSVASALSMNIEPAVPLLFTTWSYSRNGFAVLRNRAVYSLLELAALKTRHIINRYRRQWGLRPLLCTNDAFSPFAQLSQQIAEFDFPRQQLPACFHYVGPIRPASRTAVSFPWDRLDGRRLIYASLGTVNQHRRVLEAIAQSCAGLDAQLVLSLGGAGKIEEFPNLPGSPLVVEFAPQLDLLERAALTITHAGLNTTLESLAAGVPLVAIPLNFDQFGVAARIRWTGTGDFLKLRTLTPDRLKALVHEVLEKPRYAQAAARMRAAIAATNGPQRAADIIQEVVHTGKPVLNSQTWQTT
4	2	HEY4781134.1	0.0792	False	MKIAFISQPVPGHLNPMTTLARELQWRNHDVVFISLPDGERSVRAAGLPFLPCAVKEFPAGSLNERLRWLSKLQGEEALRAALQNVATRTEAMLNSLPAMLTAAAVDAVVLDTVLIYTELAPMSLGMPYAHVANALHFDYSGYTPLCFYDWPHETTPTALARNRKGVECFLETLAPTIAVARTYAKRVGLDVDWDNPSATISKLAWITQCPREFDFESSHWPPRFHHTGPFHDGAGRIEVDFPWERLTGEPLIYASMGTLMNGLADVFRTITAGTAKRKGFQLVLSVGDQLDPEQIGPLPSNTILVKRAPQLELLKRASVCITHAGLNTTLEALAQGVPQVALPVSLDQPGVSARIAEKRTGLFVPLKELTASRLSLLLDQVLNDSTYRDSARYFQKVITETNGLSKAADLLERAFGLANEA
4	3	HXP07883.1	0.0802	False	MKIGFVSMPLTGHLNPMTALARRLQSRGNEVVFFGVRDAQPIVHAAGLDFVSICEQEYPLGSVAKEYGHLATLRGEDVVRYSARELHPRRLRATFEHLPEKLAAAGVEAVVIDIVHFFVELVPMSMGLPYVHIWNILHIDRSGATPPCFFSWPHETTSEARARNMEGVIRMSALFAPIAAVARDFAAKKGLQIDWSQPSATISKLAVITQTPEEFDFPGSAWPPQFHYTGPFQDEGGRAPIPFPWDKLTGEPLIYASMGTLVNGLEHVYRSILQAARKLPATQLVLSVGNNIRVDDLGPVPSNAIVVPKAPQVDLLKHAALCITHAGVNTTLEALAQGVPMVAIPIGFDQPGVAARIAYHGVGEFVEEADLTAKRLLQLIRTVVNNPAYREKARYFQKVIAQVQGLDLAANLIERAFSKSQRSAETSNVA
4	4	HEY1216149.1	0.0821	False	MAKLGCFSYSGVGHVSPMLALAVRLQKRGHDVTFFQLADLKARIEAAGIRYVPLGEDELPAGSLIRELEGLAKLEGTAAFERVIASVTRECRLVLRDAPDLIKEHGVEFMLVDECCDAAATVARTRGIPYVSVALALTRCEESSLPGWACPLPYSDDPAIVAQYKIWRNAISAAASPLREVVNTERQRFGLPPIQHVAETHSDLAIISQQPAAFDFPRHELPGWFHYTGPFIDVDGRPEVPFPWDQLDGRPLVYASLGTLQNQLPAVFHVIAEACAELDVQLVMALGGGLRPEQLGSLPGDPLVFSYVPQPQMLDRAALMITHAGMNSALECLASGVPMVAIPITHDQPTIARRIEWTKTGRMVALGDLTVQGLRDAIRDVITNPVYRDSAVRLKQGIEETDGLNRAADIVETVIRTGQPFFRPGLSTKG
4	5	HTU45453.1	0.0835	False	MANIGIFCLPMPSHLNLFLALGGALARRGNRLIFFSVLDNERKIREAGFDFYSTDPDAAPRDTFTQIKQRIGKRGTFAAMRAQGRFDELRYDAILRKGPDLALRAALDGVIVDQAEACSGSVAEVLGLPWVSVASALAMNIEPQVPLLFTTWDYSQNPFAVLRNRLAYSTLELAAVRTRHIINRYRKRWGLRPLRCTNDAFSPFAQLSQQNAEFDFPRKELPACFHYVGPIRCASRPAVPFPWQRLDSRPLIYASLGTVNQHRRVFEAIAQSCAELDAQLVLSLGGAGNVADFRDLPGAPLVVEFAPQLDLLERAALTITHAGLNTTLESLAAGVPLVAVPLNFDQFGVAARIRWTGTGDFIRLRKLTPDRLRALIQEVLTNPRYTEAARRMHDAIAATKGSERAADIIEEVIRTRKPVLNSPAVQAT
5	1	WP_384483860.1	0.0398	True	MSTIAFLNIGMHGHVNPTLPVVAELVRRGHTVTYHAPPAFRAEIEATGATVYPYPGGDQPLPDPPTPAAFIETLGLTAARLLPAVLSDLRRVRPDLIVHDSDCLWGAVAARELKVPAASSFTTFAYNRHVPSITRGSWDLLATAMARPRRLQAYLRSRWSLHRRFDTRGLPLVDLINIRQPLNLVYTSRAFQPAVEEFDRSYRFVGPSVGARPADPSFPAEQLREPVLYASLGTVFNAAPRLLRTFATALAPLGGTVVIATGQTDPSALEPLPANVLARRFVPQTEVLARAALFVTHGGMNSVNEALYAGVPMLVVPQGADQPMVARQVAELGAGLSIRTQDVTETSVRALARRLLDDPSFWAAAATLKTAQTEAGGYLRAADELERYLEAPGSVGRSAPADPAQRG
5	2	WP_361451891.1	0.0408	False	MSTIAFLNIGMHGHVNPTLPVVAELVRRGHTVTYHAPPAFREEIEAAGATVYPYPGGDQPLPDPPTPAMFIETLGGAAVRLLPAVLTDLRRVRPDLIVHDSDCLWGAIAARELEVPAASSFTTFAYNRHVPSITRPSWDLLAAALARPRGLQAYLRSRWSLRRRFDTRGLPLVDLINIRQPLNLVYTSRAFQPAAEEFDPSYRFVGPSVGARPVDPSFPAQQLREPVLYASLGTVFNAAPQLLRTFATALAPLGGTVIIATGQTDPSALEPLPANVLARRFVPQPEVLARAALFVTHGGMNSVNEALYAGVPMLVVPQGADQPMVAGQVAGLGAGLSMRTQDVTEASVRTLARRLLDDPSFQATAANLRAAQREAGGYLRAADELERYVDTAGSVGRRASADPAPRG
5	3	WP_398885631.1	0.0417	False	MSTVAFLNIAMHGHVNPTLPVAAELVRRGHSVTYHTSPAFREEIEAVGATVCLYPGGDQPLPDPPTPVTLMEGLASTAVRLLPPVLTDLRRIRPDLIVHDSACLWGAVAARELGVPAASSFTTFAFNRHVPSPTRGSWALLAEAATRRNSLKGYLRARRGLRRFDTRGLPLLDLGNIRQPLNLVYTSRAFQPAVEEFDRSYRFVGASIGARPADPSFPADQLRDPVLYASLGTVFNADPRLLRGFATALAPLGGTVVVSTGQTDPAALGPLPPNVLARRFVPQPEVLARAALFITHGGMNSVNEAMYAAVPMLVVPQGADQPMVARRVEELGAGLSIRTQDVTEDSVRALAARLLHEPRFRAAAATLQGAQHEAGGYRRAVDECERYLHTNVVAGRSAPVDPSQRG
5	4	WP_407706939.1	0.0432	False	MHGHVNPTLPVAAELVRRGHSVTYHTSPAFREEIEAVGATVRLYPGGDQPLPDPPTPVTLMEGLASTAVRLLPPVLTDLRRIRPDLIVHDSACLWGAVAACELKVPAASSFTTFAFNRHVPSPTRGSWTLLAEAATRRNSLKGYLRARRGLRRFDTSGLPLLDLGNIRQPLNLVYTSRVFQPAVEEFDRSYQFVGASIGARPADPSFPADQLRDPVLYASLGTVFNADPQLLRGFATALAPLGGTVVVSTGQTDPAALGPLPPNVLARRFVPQPEVLARAALFITHGGMNSVNEAMYAGVPMLVVPQGADQPMVARRVAELGAGLSIRTEDVTEESVRALAARLLHEPRFRAAAATLQGAQHEAGGYRRAADECERYLHTNVVAGRSAPADPSQRG
5	5	WP_046261993.1	0.0433	False	MSTIVFLNIGMHGHINPTLPVVAELVRRGHTVVYHTSPAFREEIEATGATVRLDPGGDQPFPAEPTPLAWMEALAVTTLGRLPALLTELRHEGPDLVVHDSACPWGAVAARELGVPAASSFTTFAFNSHVPSPTRASWELLAEARARPRTFRGYLRSRRELHRRFDTSGLPLLDLANIRQPLNLVYTSREFQPAVEEFDRSYRFVGPSIGARPVDPAFPVDRLQDPVSYASLGTVFNAGPQLLRSFATGLAALGGTVVVSTGQTDPDELGPLPANVLARRFVPQPEVLARAALFITHGGMNSVNEAMHAGVPLLLVPQGADQPMVARRVVELGAGLTMRTQDVTRDSVRVLARRLLREPGFKSAATTLKAAQHRAGGYRRAADELEQYTRAAGSVHEPVPVDPSQRG
6	1	WP_389546900.1	0.0357	True	MIVSRPAHIAMFSIAAHGHVNPSLEVIRELVARGHRVTYAIPPAFADTVAQTGAEPKLWKSTLPSPDDDPEAWGTTLLDNVEPFLADAVQALPQLIEAYEGDEPDLVLHDITAYPARVLGHRWGVPVVSLSPNLVAWDGYEEEVAEPMWAEPRKTERGRAYFARFQAWLDENGIDLDPDSFVGRPDRSLVLIPKALQPHADRVDESVYTFVGACQGDRAAQGEWRRPEGAERVLLVSLGSSFTKQPAFYRTCVQAFGDLPGWHLVLQIGKHVDPAELGDLPANVEAHAWVPQLSVLRQADAFVTHAGAGGSQEGMATATPMVCVPQAVDQFGNADMLQSLGVARHLPMEEVTADTLREAVLTIADDPEAARRLARIKAEMAAEGGTARAADLIEAEIPEGRR
6	2	MBV7243488.1	0.038	False	MTESPRAHIAMFSIAAHGHVNPSLDVIRELVDRGHRVSYAIPASFAEKVAATGAEPVIYPSTLPTDEDPEAWGTELIDNIEPFLNDAVQALPRLAEAFAGDEPDLVLHDITSYPARVLAHRWGVPAVSLWPNLVPWEGYEKEVGEPMTAGLKQTERGKAYYARFESWLAENGLGHVSSDDFVARPRRGLVLIPEALQPNADRVNREMYTFVGACQGDRADQGEWVRPAGAEKVLLVSLGSSFTKQPAFYRACVEAFGGLPGWHVVLQIGAHVDPAELGDVPGNVEVRTWVPQLAVLKRADAFITHAGAGGSQEGLATGTPMVAVPQAVDQFGNADMLQSLGVARQLPMEEADAASLRAAVLALVDDPEVAARCERLSEQMAREGGTPRAADLIEAELSR
6	3	WP_405551946.1	0.0382	False	MTLQRPAHIAMFSIAQHGHVNPSLEVIRELVARGHRVTYAIPPLFAEKVAATGAVPVPYTSVLPGPDDDPSAWGTTLLDNVEPFLADAMQALPQLIKAYEGDEPDLVLHDIASYPARVLAHRWGVPAVSLSPNLVAWEGYEEEVAEPMWAEPRKTERGQAYYARFAGWLAENGITQHPDPFAGRPARSLVLIPKALQPNADRVDERVHSFVGACQGDRTDQGDWQRPEGAEKVVLVSLGSAFTKRPDFYAECVRAFGDLPGWHLVLQIGRHVDPAELGELPGNVEVHSWVPQLAVLRQADLFVTHAGAGGSQEGLATATPMIAVPQAVDQFGNADMLQALGVARTLLTEDATADRLRETALALADDPEVAARLKEIQADMVGEGGTMRAADLIEAELPGR
6	4	WP_137230641.1	0.0385	False	MTESPRAHIAMFSIAAHGHVNPSLDVIRELVDRGHRVSYAIPASFAEKVAATGAEPVIYPSTLPTDEDPEAWGTELIDNIEPFLNDAVQALPRLAEAFAGDEPDLVLHDITSYPARVLAHRWGVPAVSLWPNLVPWEGYEKEVGEPMTAGLKQTERGKAYYARFESWLTENGLGHVSSDDFVARPRRGLVLIPEALQPNADRVNREMYTFVGACQGDRADQGEWVRPAGAEKVLLVSLGSSFTKQPAFYRACVEAFGGLPGWHVVLQIGAHVDPAELGDVPGNVEVRTWVPQLAVLKQADAFITHAGAGGSQEGLATGTPMVAVPQAVDQFGNADMLQSLGVARQLPMEEADAASLRAAVLALVDDPEVAARCERLSEQMAREGGTPRAADLIEAELSR
6	5	WP_319172922.1	0.0386	False	MTESPRAHIAMFSIAAHGHVNPSLEVIRELVRRGHRVSYAVPASFADKVAATGAEPVIYTSTLPTDDDPEAWGTELIDHLEPFLADAVQALPQLAAAFEGDEPDLVLHDITSYPARVLAHRWGVPAVSLWPNLVPWEGYEKEVGEPMTAELKQTERGKAYYARFAHWLADNGLGHVSSDDFVARPRRGLVLIPEALQPHADRVDRDMYTFVGACQGDRADQGEWERPAGAGKVLLVSLGSSFTKQPAFYRECVAAFGDLPDWHVVLQIGAHVDPAELGDVPANVEVHAWVPQLAVLKQADAFITHAGAGGSQEGLATGTPMVAVPQAVDQFGNADMLQALGVARHLPMEEADAATLRAAVLALTGDPEVAKRSTRLREQMAREGGTPRAADLIEAELSL
7	1	WP_364468175.1	0.0317	True	MQRHIAFFNFPAVGHVNPTIGVVEELVKRGHRVTCTVTDHFAPIVKAAGAEPVTYDSVFGDFYRAPLTAEENAGEGLRCLDESTSLVEQVTPFYEENRPDVIVHDFMAWGARFFAAKNDIPLIRTYPVFGANEHFSLREKFPVAELSDPQIMEAVQKLAGVLPRFGLAPDPMGFLSHIEKLGVIFLPREFQYAGETFDERFVFTGPCIAERPYQGTWQPASADRPVLLISLGTSARGWPEFFTMAIEAFGDSEWDVLITVGEHTDPAGLGPLPANVDVRRYAPQLDVLRHAKLFITHGGMNSTMESLNNGVPMVVVPQTSEQRANAQRVEELGLGRRLAKEDVTVRSLREAADQVTGDASVTDRVRATRERMRSVDGPAVAADAVEAYLAGQS
7	2	WP_381956803.1	0.0326	False	MQRHIAFFNFPAVGHVNPTVGVVEELVKRGHRVTCTVTDHFAPIVKAAGAEPVRYDSVFGDFYQAPLTAEENAGEGLRCLDESTSLVEQVAPFYEENRPDVIVHDFMAWGARFLAAKNDIPLIRTYPVFGANEHFSLREKFPVAELSDPQIMEAVQKLAGVLPGFGLAPDPMGFLSHIEKLGLIFLPREFQYAGETFDERFVFTGPCIAERPYQGTWQPASADRPVLLISLGTSARGWSEFFTMAIEAFGDSEWDVLITVGEHTDPAGLGPLPANVDVRRYAPQLDVLRHARLFITHGGMNSTMESLNNGVPMVVVPQTSEQRANAQRVEELGLGRRLAKEDVTVRSLREAADQVTGDASVADRVRAMRERMRSVDGPAIAADAVEAYLDQQS
7	3	WP_159392500.1	0.0334	False	MQRHIAFFNFPAVGHVNPTVGVVEELVKRGHRVTCTVTDHFAPIVKAAGAEPVRYDSVFGDFYQAPLTAEENAGEGLRCLDESTSLVEQVAPFYEENRPDVIVHDFMAWGARFLAAKNDIPLIRTYPVFGANEHFSLREEFPVAELSDPQIMQAVQKLAGVLPRFGLAPDPMGFLSHIEKLGVIFLPREFQYAGETFDERFVFTGPCIAERPYQGTWQPASADRPVLLISLGTSARGWSEFFTMAIEAFGDSEWDVLITVGEHTDPAGLGPLPANVDVRRYAPQLDVLRHARLFITHGGMNSTMESLNNGVPMVVVPQTSEQRANAQRVEELGLGRRLAKEDVTVRSLREAADQVTGDASVADRVRAMRERMRSVDGPAIAADAVEAYLAQQS
7	4	WP_355189410.1	0.0336	False	MQRHIAFFNFPAVGHVNPTVGVVEELVKRGHRVTCTVTDHFAPIVKAAGAEPVRYDSVFGDFYQAPLTAEENAGEGLRCLDESTSLVEQVAPFYEENRPDVIVHDFMAWGARFLAAKNDIPLIRTYPVFGANEHFSLREKFPVAELSDPQIMEAVQKLAGVLPGFGLAPDPMGFLSHIEKLGLIFLPREFQYAGETFDERFVFTGPCIAERPYQGTWQPASADRPVLLISLGTSARGWSEFFTMAIEAFGDSEWDVLITVGEHTDPAGLGPLPANVDVRRYAPQLDVLRHARLFITHGGMNSTMESLNNGVPMVVVPQTSEQRANAQRVEELGLGRRLAKEDVTVRSLREAADQVTGDASVADRVRATRERMRSVDGPAIAADAVEAYLDQQS
7	5	WP_387866884.1	0.0341	False	MQRHIAFFNFPAVGHVNPTVGVVEELVRRGHRVTCTVTDHFAPIVKAAGAEPVRYDSVFGDFYRAPLTAEENAGEGLRCLNESTSLVEQVAPFYEENRPDVIVHDFMAWGARFFAAKNDIPLIRTFPVFGANEHFSLREKFPVAELNDPQIMEAVQKLAGVLPQFGLPADPMGFLSHIEKLGIVFLPREFQYAGETFDERFVFTGPCIAERPYQGTWQPASEDRPVLLISLGTSARGWSEFFTMAIEAFGDSEWDVLITVGEHTDPAGLGPLPANVDVRRYAPQLDVLRHARLFITHGGMNSTMESLSNGVPMVVVPQTSEQRANAQRVDELGLGRRLAKEDVTVQSLREAVAQVTGDASVADRVRAMRERMRSVDGPAIAADAVEAYLNSQD
8	1	WP_114150659.1	0.0251	True	MKKHHISMINIPAYGHVNPTLALVEKLCEKGHRVTYATTEEFAPAVQQAGGEALIYHTSLNIDPKQIREMMEKNDATLSLLKESLSILPQLEDLYKDDQPDLIIYDFVALAGKLFADKLNVPVIKLCSSYAQNESFQLGNEDMLKKIREAEAEFKAYLEQEQLPAVSFEQLAVPEVLNIVFMPKSFQIQHETFDDRFCFVGPSLGKRTEQESLKIEKGDHPLMLISLGTAFNAWPEFYKMCIEAFRGSSWQVIMSVGKTIDPESLDDIPANFTIRQSVPQLEVLAKADLFISHGGMNSTMEAMNAGVPLVVIPQMYEQELTAKRVDELGLGVYLPKEEVTVSKLQEAVQDVSGDREVLSRVKNMQKDVKEAGGAERAAAEIEAFMKKSAVPQ
8	2	WP_181216994.1	0.027	False	MKKYHISMINIPAYGHVNPTLALVEKLCEKGHRVTYATTEEFAPAVQQAGGEALIYHTSLNIDPKQIREMMEKNDAPLSLLKESLSILPQLEELYKDDRPDLIIYDFVALAGKLFAEKLNVPVIKLCSSYAQNESFQLGNEDMLKKIREAEAEFKAYLEQEKLPAVSFEQLAVPEALNIVFMPKSFQIQHETFDDRFCFVGPSLGERKEKESLLIDKDDRPLMLISLGTAFNAWPEFYKMCIKAFRDSSWQVIMSVGKTIDPESLEDIPANFTIRQSVPQLEVLEKADLFISHGGMNSTMEAMNAGVPLVVIPQMYEQELTANRVDELGLGVYLPKEEVTVSSLQEAVQAVSSDQELLSRVKNMQKDVKEAGGAERAAAEIEAFMKKSAVPQ
8	3	WP_268553257.1	0.0292	False	MKKYHISMINIPAYGHVNPTLALVEKLCEKGHRVTYATTEEFAPAVQQAGGEALIYHTSLNIDPKQIREMMEKDDAPLSLLKESLSILPQLEELYKDDQPDLIIYDFVALAGKLFADKLNVPVIKLCSSYAQNESFQLGNEDMLKKIREAEAEFKAYLEQEKLPAVSFEQLAVPEALNIVFMPKSFQIQHETFDDRFCFVGPSLGERKEKESLLIDKDDRPLMLISLGTAFNAWPEFYKMCIKAFRDSSWQVIMSVGKTIDPESLEDIPANFTIRQSVPQLEVLEKADLFISHGGMNSTMEAMNAGVPLVVIPQMYEQELTANRVDELGLGVYLPKEEVTVSSLQEAVQAVSSDQELLSRVKNMQKDVKEAGGAERAAAEIEAFMKKSAVPQ
8	4	WEY92322.1	0.0292	False	MKKYHISMINIPAYGHVNPTLALVEKLCEKGHRVTYATTEEFAPAVQQAGGEALLYHTSLNIDPKQIREMMEKNDAPLSLLKESLSILPQLEELYKDDQPDLIIYDFVALAGKLFAEKLNVRVIKLCSSYAQNESFQLGNEDMLKKIREAEAEFKAYLEQEKLPAVSFEQLAVPEALNIVFMPKSFQIQHETFDDRFCFVGPSLGERKEKESLLIDKDDRPLMLISLGTAFNAWPEFYKMCIKAFRDSSWQVIMSVGKTIDPASLEDIPANFTIRQSVPQLEVLEKADLFISHGGMNSTMEAMNAGVPLVVIPQMYEQELTANRVDELGLGVYLPKEEVTVSSLQEAVQAVSSDQELLSRVKNMQKDVKEAGGAERAAAEIEAFMKKSAVPH
8	5	WP_326247366.1	0.0295	False	MKKHHISMINIPAYGHVNPTLALVEKLCEKGHRVTYATTEEFAPAVQQAGGEALIYHTSLNIDPKQIREMMEKNDATLSLLKESLSILPQLEDLYKDDQPDLIIYDFVALAGKLFADKLNVPVIKLCSSYAQNESFQLGNEDMLKKIREAEAEFKAYLEQEQLPAVSFEQLAVPEALNIVFMPKSFQIQHETFDDRFCFVGPSLGKRTEQESLLIDKGDRPLMLISLGTAFNAWPEFYKMCIEAFRGSAWQVIMSVGKSIDPEGLDDIPANFTIRQSVPQLEVLAKADLFISHGGMNSTMEAMNAGVPLVVIPQMYEQELTAKRVDELGLGVYLPKEEVTVSKLQEAVQDVSNDQEVLSRVKNMQKDVKEAGGAERAAAEIEAFMKKSAVPQ
9	1	WP_268301389.1	0.0279	True	MGHVLMINFPGEGHINPSLGITKELQRRGESIVYYAVEEYAEKIKKTGAEVRLYPDFREALSPGKEREKMDFAELVYNMSGKVDEIVQLIYREVKSESYDYVIYDHHFLAGKIIAEMLGLPSVSLCTTFAMDESFAKTFTLQGDLESSPYFEKLKRSLSELSERYPVSLDKPFDVFSCPGDITIVFTSREFQPHEERFGHDYLFVGPSITSRQDPGSFPFAELEGETVIMISMGTIFNQQKELYHMCIEALKDFDGKVVMSIGKSTDPADLGSIPDHFIVRPYIPQLEVLKQADVFVTHGGMNSTNEGLYFDTPLIVIPMGADQFFVADQVERTGAGIKLDKNELSAAVLKNTIEDMLENRSYKDGAAKIGRSLRNAGGYQKAADAVLELAGKK
9	2	WP_375845763.1	0.0302	False	MGHVLMINFPGEGHINPSLGITKELQRRGESIVYYAVEEYAEKIKKTGAEVRLYPDFREALSPGKEKEKMDFAEMVYNMSGKVDEIVQLIYREVKRESYDYVIYDHHFLAGKIIAEMLELPSVSLCSTFAMDESFAKTFTLQGDLESSPYFEKLKRSLSELSERYPVSLDKPFDVFSCPGDITIVFTSREFQPHAERFGHDYLFVGPSITSRQDPGSFPFAELEGETVIIVSMGTIFNQQKELYHMCIEALKDFDGKVVMSIGKSTDPADLGSIPDHFIVRPYIPQLEVLKQADVFVTHGGMNSTNEGLYFDTPLIVIPMGADQFFVADQVERTGAGIKLDKNELSAAVLKNTIEDMLENRSYKDGAAKIGRSLRNAGGYQKAADAVLELAGKK
9	3	WP_268323235.1	0.0311	False	MGHVLMINFPGEGHINPSLGVTKELQRRGESIVYYAVEEYAEKIKKTGAEVRLYPDFREALSPGKEKEKMDFAEMVYNMSGKVDEIVQLIYREVKSESYDYVIYDHHFLAGKIIAEMLELPSVSLCTTFAMDESFAKTFTMQGDLESSPYFEKLKRSLGELSERYPVSLDKPFDVFSCPGDITIVFTSREFQPHAERFGHDYLFVGPSITSRQDPGSFPFAELEGETVIVISMGTIFNQQKELYHMCIDALKDFDGKVVMSIGKSTDPADLGSIPDHFIVRPYIPQLEVLKRADVFVTHGGMNSTNEGLYFDTPLIVIPMGADQFFVADQVERTGAGIKLDKNELSAAVLQKTIEDMLENRSYKDGAAKIGRSLRNAGGYQKAADAVLELARKK
9	4	WP_262481431.1	0.0314	False	MGHVLMINFPGEGHINPSLGVTKELQRRGESIVYYAVEEYAEKIKKTGAEVRLYPDFREALSPEKEREKMDFAELVYNMSGKVDEIVQLIYQEVRDESYDYVIYDHHFLAGKIIAEMLGLPSVSLCTTFAMDETFAKTFTLQGDLESSPYFEKLKQSLGELSERYPVSLDKPFDVFSCPGDITIVFTSREFQPHAERFGNDYLFVGPSITSRQDPGSFPFAELEGETVIVISMGTIFNQQKELYHMCIEALKDFDGKVVMAVGKSTDPADLGTIPDHFIVRPYIPQLEVLKKADVFVTHGGMNSTNEGLYFDTPLIVIPMGADQFFVAAQVERTGAGIKLDKNELSPAVLQKTIKDMLENRSYKDGAAKIGRSLRDAGGYQKAADAVLELAGKKVRRSKNGAPR
9	5	WP_268381526.1	0.0316	False	MGHVLMINFPGEGHINPSLGITKELQRRGESIVYYAVEEYAEKIKKTGAEVRLYPDFREALSPGKEREKMDFAELVYNMSGKVDEIVQLIYREVKSESYDYVIYDHHFLAGKIIAEMLELPSVSLCTTFAMDESFAKTFTLQGDLESSPYFEKLKRSLSELSERYPVSLDKPFDVFSCPGDITVVFTSREFQPHEERFGHDYLFVGPSITSRQDPGSFPFAELEGETVIMISMGTIFNQQKELYHMCIEALKDFDGKVVMSIGKSTDPADLGSIPDHFIVRPYIPQLEVLKQADVFVTHGGMNSTNEGLYFDTPLIVIPMGADQFFVADQVERTGAGIKLDKNELSAAVLKNTIEDMLENRSYKDGAAKIGRSLRNAGGYQKAADAVLELAGKK
10	1	WP_171916309.1	0.0468	True	MAKVLFINPGSAGHVNPTVAVCKTLVEKGEEVVYYATDKFTDRLQDIGVEIRTFNSDDMMAHFSTYGRDNLFNVMNGLLNTTDLFLPKILKEIEDEHYDYMIYDSMFGCGYMLAQKLGIPAISSITTFAHTKDSFDRFTNQLNVNLSAEAKDDADKAFITLKTRLEQTYDISIPSRFEVMNNPGDLNISYVMRNFQINSDTFDSNRYFFAGPSVIMPQPSGFMAEIDQSKPIIYISLGTVFNENIPFFNKCFKALADIDVTVIVSIGETNRIEDFDEVPSNFIIKSFVPQTELLQYTSLFLTHAGMNSANEAIMLGVPMLAFPQNADQPVVAQQIENLNIGQQLNSETFTVEQLKQTVLTMLNHLDEYQNNIDMIKDPSHNEQYGYELAVNKILEFRDTHCMIQK
10	2	WP_017723691.1	0.0468	False	MAKVLFINPGSAGHVNPTVAVCKTLVEKGEEVVYYATDKFTDRLQDIGVEIRTFNSDDMMAHFSTYGRDNLFNVMNGLLNTTDLFLPKILKEIEDEHYDYMIYDSMFGCGYMLAQKLGIPAISSITTFAHTKDSFDRFTNQLNVNLSAEEKDNADKAFITLKTRLEQTYDISIPSRFEVMNNPGDLNISYVMRNFQINSDTFDSNRYFFAGPSVIMPQPSGFMAEIDQSKPIIYISLGTVFNENIPFFNKCFKALADIDVTVIVSIGETNRIEDFDEVPSNFIIKSFVPQTELLQYTSLFLTHAGMNSANEAIMLGVPMLAFPQNADQPVVAQQIENLNIGQQLNSETFTVEQLKQTVLTMLNHLDEYQINIDVIKDPSHNEQYGYELAVNKILEFRDTHCMIQK
10	3	WP_119603692.1	0.0482	False	MAKVLFINPGSAGHVNPTVAVCKTLVEKGEEVVYYATDKFTDRLQDIGVEIRTFNSDDMMAHFSTYGRDNLFNVMNGLLNTTDLFLPKILKEIEDEHYDYMIYDSMFGCGYMLAQKLGIPAISSITTFAHTKDSFDRFTNQLNVNLSAEAKDNADKAFITLKTRLEQTYDISIPSRFEVMNNPGDLNISYVMRNFQINSDTFDSNRYFFAGPSVIMPQPSGFMAEIDQSKPIIYISLGTVFNENIPFFNKCFKALADIDVTVIVSIGETNRIEDFDEVPSNFIIKSFVPQTELLQYTSLFLTHAGMNSANEAIMLGVPMLAFPQNADQPVVAQQIENLNIGQQLNSETFTVEQLKQTVLTMLNHLDEYQINIDMIKDPSHNEQYGYELAVNKILEFRNTHCMIQK
10	4	WP_326025420.1	0.0489	False	MAKVLFINPGSAGHVNPTVAVCKTLVEKGEEVVYYATDKFTDRLQDIGVEIRTFNSDDMMTHFSTYGRDNLFNVMNGLLNTTDLFLPKILKNIENEHYDYMIYDSMFGCGYMLAQKLGIPAISSITTFTHTKDSFEQFTNQLNVNLSAEAKDEADKAFITLKTRLEQTYDISIPSRFEVMNNPGDLNISYVMRNFQINSDTFDSNRYFFAGPSVIMPQPSDFMAEIDQSKPIIYISLGTVFNENIPFFNKCFKALADIDATVVVSIGETNRIEDFDEVPSNFIIKSFVPQTELLQYTSLFLTHAGMNSANEAIMMGVPMLAFPQNADQPVVAQQIEDLNIGQQLNSETFTVEQLKQTVLTMLNHLEEYQNNINMIKDPSHSEQYGYELAANKILEFRDAHCIMQK
10	5	WP_394862849.1	0.0526	False	MAKILFVNPGSAGHVNPTIAVVKALVDRGEEVVYYASDIYKDKLKDTGAEIRTLPTEAIMTAFTDHENHHLFNVINGLLKTVDIIVPQILRETENEHFDYMIHDSMFSCGYILAQKLNLPSISSVSSFAHTKTSFETFINHLTSTVSKEEIQHADETFNNLKAHVESTYDVTIPSRFEVMNNPGNINITYVMKGFQVGYDAFDPEYYKFVGPSILEPKDSGFMDNIDTTRPVVYISLGTVFNQNIEFFNLCFEALANIDASFVVSIGHDNQLEDFNAIPSNFTVAHVVPQTELLQHTSLFLTHAGMNSTNEAMLMEVPMLAFPQSADQPVVARQIEKLLVGRQLQLENITSQELKQIVLDMLDDIPNYQRNIRKVKSIQSSNKTGYQLAVDHILNFRDQYVTHSNI
11	1	WP_326161800.1	0.0149	True	MANVLMIGFPGEGHINPSLGVVKELKAKGEHVVYYGVKEYENKIASSGAEFREYEDFRKDEFGKNATGDEQRDATEFLLLMIETSKKAALRILEEVKDESYDYILYDHHFLAGRLMRNQLKLPAYSLCTTFAMNEAFIKEVFSNTNLVSEESSHYPAYTEAVSRLNEEFSADIKTPYDIFSNDGRKTIVFTSRAFQPKEEEFGDSYLFVGPSITERAAAQDFPFEQLEGENVLFISMGTIFNNQKELFNKCLKAVRNFNGKAVMSIGKHLDPAELDEIPENVIVKPYVPQLEILKRADLFITHGGMNSTSEGLYYKTPMIVIPMGADQFAVGSQVENTGAGKMFKKEDVTAELLTEAIKELSENPEYQTKASEIGESLKAAGGAQRAAELIAEDVKTAETRVL
11	2	WP_031379026.1	0.0166	False	MANVLMIGFPGEGHINPSLGVVKELKEKGEHVVYYGVKEYEHKIASSGAEFREYEDFRKDEFGKNATGDEQRDATEFLLLMIETSKKAALRILEEVKDESYDYILYDHHFLAGRLVRNKLKLPAYSLCTTFAMNEAFIKEVFSNTNLVSEESSHYPAYTEAVSRLNEEFSADIKTPYDIFSNDGRKTIVFTSRAFQPKEEEFGDSYLFVGPSITERPAAQDFPFDQLEGEKVLFISMGTIFNNQKELFNKCLKAVRNFNGKAVMSIGKYLDPAELDEIPENVIVKPYVPQLEILKRADLFITHGGMNSTSEGLYYKTPMIVIPMGADQFAVGSQVENTGAGKMFKKEDVTAELLTEAIKELSENPEYQTKASEIGESLKAAGGAQRAAELIAEDVKTAETRVL
11	3	WP_088460997.1	0.0166	False	MANVLMIGFPGEGHINPSLGVVKELKAKGEHVVYYGVKEYENKIASSGAEFREYEDFRKDEFGKNATGDEQRDATEFLLLMIETSKKAALRILEEVKDESYDYILYDHHFLAGRLVRNQLKLPAYSLCTTFAMNEAFIKEVFSNTNLVSEESSHYPAYTEAVSRLNEEFSADIKTPYDIFSNDGRKTIVFTSRAFQPKEEEFGDSYLFVGPSITERAAAQDFPFEQLEGENVLFISMGTIFNNQKELFNKCLKAVRNFNGKAVMSIGKHLDPAELDEIPENVIVKPYVPQLEILKRADLFITHGGMNSTSEGLYYKTPMIVIPMGADQFAVGSQVEKTGAGKMFKKEDVTAELLTEAIKELSENPEYQTKASEIGESLKAAGGAQRAAELIAEDVKTAETWVL
11	4	WP_130570895.1	0.0172	False	MANVLMIGFPGEGHINPSLGVVKELKAKGEHVVYYGVKEYENKIASSGAEFREYEDFRKDEFGKNATGDEQRDATEFLLLMIETSKKAALRILEEVKDESYDYILYDHHFLAGRLVRNQLKLPAYSLCTTFAMNEAFIKEVFSNTNLVSEESSHYPAYTEAVSRLNEEFSADIKTPYDIFSNDGRKTIVFTSRAFQPKEEEFGDSYLFVGPSITERAAAQDFPFEQLEGENVLFISMGTIFNNQKELFNKCLKAVRNFNGKAVMSIGKHLDPAELDEIPENVIVKPYVPQLEILKRADLFITHGGMNSTSEGLYYKTPMIVIPMGADQFAVGSQVENTGAGKMFKKEDVTAELLTEAIKELSENPEYRTKASEIGESLKAAGGAQRAAELIAEDVKTAETRVL
11	5	WP_108724921.1	0.0175	False	MANVLMIGFPGEGHINPSLGVVKELKAKGEHVVYYGVKEYENKIASSGAEFREYEDFRKDEFGKNATGDEQRDATEFLLLMIETSKKAALRILEEVKDESYDYILYDHHFLAGRLVRNQLKLPAYSLCTTFAMNEAFIKEVFSNTNLVSEESSHYPAYTEAVSRLNEEFSADIKTPYDIFSNDGRKTIVFTSRAFQPKEEEFGDSYLFVGPSITERAAAQDFPFEQLEGEKVLFISMGTIFNNQKELFNKCLKAVRNFNGKAVMSIGKHLDPAELDEIPENVIVKPYVPQLEILKRADLFITHGGMNSTSEGLYYKTPMIVIPMGADQFAVGSQVENTGAGKMFKKEDVTAELLTEAIKELSENPEYQTKVSEIGESLKAAGGAQRAAELIAEDVKTAETRVL
12	1	WP_134912464.1	0.0473	True	MARVLVVITPAEGHVNPTLGLVKRLVDSGEEVDYVCTEEYRTRIHQTGAKLITYPFIDDAFSKDSDLKPAEYKHHYQFVYMMVRGMILPIIPEVLRVIENRTYDYLIFDSLMGWGGTIIAEKLGIPAICSIASFAFVEPLGSGQGMDENDPEVKKLYTATMQITHQLANELQVAAPAMDEIAPHAGSLKIVYTSRYFQPQAEKLDHSFIFTGPSIVPRKDAPSFPFEQLRVLHPQAVYISMGTILNKDLEFYKLCFAAFRDLSVQFVLSSGNYTDMEPLAKCIPDNFIVKPYIPQLEMLQHVDAFITHAGMNSTSEALYYNVPQVMIPLTSDQPIVANRVQELGAGVVVDKKELTPATLRAALLEVLNHSTYKQQAHVIGESLRQAGGYRHAADTIMSHFSTIEK
12	2	WP_342427204.1	0.049	False	MARVLVVITPAEGHVNPTLGLVKRLVDSGEDVDYVCTEEYRTRIQQTGAQMITYPFVDDAFSKDSDLKPAEYKHHYQFVYMMVKGMILPIIPEVLRVIENRTYDYLIYDSLMGWGGTIIAEKLGIPAVCSIASFAFVEPLGSGQGMDDNDPEVKKLYTATMQITHQLANELQVAAPAIEEIAPHGGRLRIVYTSRYFQPQAEKLDHSFIFTGPSIVPRKDAPSFPFEQLRVLHPQAVYISMGTILNKDLEFYKLCFAAFRDLPVQFVLSSGNYTDMEPLASCIPDNFIIKPYIPQLEMLQHVDAFVTHAGMNSTSEALYYNVPQVMIPLTSDQPIVASRVQELGAGVVVDKNELTPASLRAALLEVLNHPTYKEQAHVIGESLRQAGGYRHAADTIMSHFSTIEK
12	3	WP_134903848.1	0.0514	False	MARVLVVITPAEGHVNPTLGLVKRLVDSGEDVDYVCTEEYRTRIQQTGAQMITYPFVDDAFSKDSDLKPAEYKHHYQFVYMMVKGMILPIIPEVLRVIENRTYDYLIYDSLMGWGGTIIAEKLGIPAVCSIASFAFVEPLGSGQGMNDNDPEVKKLYTATMQITHQLANELQVEAPAIEKIAPHGGRLRIVYTSRYFQPQAEKLDHSFIFTGPSIVPRKDAPSFPFEQLRVLHPQAVYISMGTILNKDLEFYKLCFAAFRDLPVQFVLSSGNYTDMEPLAPCIPDNFIIKPYIPQLEMLQYVDAFVTHAGMNSTSEALYYNVPQVMIPLTSDQPIVASRVQELGAGVVVDKNELTPASLRAALLEVLSHPTYKEQAYVIGESLRQAGGYRHAAETIMSHFSTIEK
12	4	WP_342444868.1	0.0515	False	MARVLVVITPAEGHVNPTLGLVKRLVDSGEDVDYVCTEEYRTRIQQTGAQMITYPFVDDAFSKDSDLKPAEYKHHYQFVYMMVKGMILPIIPEVLRVIENRTYDYLIYDSLMGWGGTIIAEKLGIPAVCSIASFAFVEPLGSGQGMNDNDPEVKKLYTATMQITHQLANELQVDAPAIEEIAPHGGHLRIVYTSRYFQPQAEKLDHSFIFTGPSIVPRKDAPSFPFEQLRVLHPQAVYISMGTILNKDLEFYKLCFAAFRDLPVQFVLSSGNYTDMEPLASCIPDNFIIKPYIPQLEMLQHVDAFVTHAGMNSTSEALYYNVPQVMIPLTSDQPIVASRVQELGAGVVVDKNELTPASLRAALLEVLSHPTYKEQAHVIGESLRQAGGYRHAADTIMSHFSTIEK
12	5	WP_029519345.1	0.0516	False	MARVLVVITPAEGHVNPTLGLVKRLVDSGEDVDYVCTEEYRTRIQQTGAQMITYPFVDDAFSKDSDLKPAEYKHHYQFVYMMVKGMILPIIPEVLRVIENRTYDYLIYDSLMGWGGTIIAEKLGIPAVCSIASFAFVEPLGSGQGMNDNDPEVKKLYTATMQITHQLANELQVDAPAIEEIAPHGGHLRIVYTSRYFQPQAEKLDHSFIFTGPSIVPRKDAPSFPFEQLRVLHPQAVYISMGTILNKDLEFYKLCFAAFRDLPVQFVLSSGNYTDMEPLASCIPDNFIIKPYIPQLEMLQHVDAFVTHAGMNSTCEALYYNVPQVMIPLTSDQPIVASRVQELGAGVVVDKNELTPASLRAALLEVLSHPTYKEQAHVIGESLRQASGYSHAADTIMSHFSTIEK
13	1	WP_176283018.1	0.0248	True	MAKVLMFNFPGEGHINPTIALVEELIKRGEEVIYYCVEKYRSKIENTGALFRPYENFISQIDMVKRMSRQIDSQELLLHMVKSMDKIIEIILEEVKEEEYDYVIYDNNFAVGWIIAEVLQLPKISSCTTFAITKKIASTLMKNHGEKNKKSPLYQEVMCILKKWEDIYGITLNEKQNVMTCPGDITIVYTSKLYQPNVEEFDDSYIFVGPSIAQRKDVDSFSLEQKKGNKLIFISMGTVFNQQPDFYYTCFEAFRDSSVTVILTIGEQNNISQLDNIPSNFKLYNYVPQLDILQQTDLFITHGGMNSSSESLYFGVPMLVIPVMGDQPIVAQRIEELEAGVQLDRNLLTPELLRNTAMHVLSNDIYIKNSHRIGESLKNAGGYNKAADEIETFKFKMGIK
13	2	HFK1754583.1	0.0268	False	MAKVLMFNFPGEGHINPTIALVEELIKRGEEVIYYCVEEYRSKIENTGALFRPYENFISQIDMVKRMNGQINPQELLLHMVKSMDKIIGIILEEVKKEEYDYVIYDNNFAVGWIIAEVLQIPKISSCTTFAITKRIASALMKDHEEENKKSPLYQKVMRIFKKWEDIYGITLNEKQNLMTCPGDITIVYTSKLYQPNVEEFDDSYIFVGPSIAQRKDVDSFSLEQKKGNKLIFISMGTVFNQQPDFYYTCFEAFRDSSVTVILTIGEQNNISQLDNIPSNFKLYNYVPQLDILQQTDLFITHGGMNSSSESLYFGVPMLVIPVMGDQPIVAQRIEELEAGVQLDRNLLTPEILRNTAMHVLSNDIYIKNSHRIGESLKNAGGYNKAVDEIETFKLKIGIK
13	3	WP_088361292.1	0.0296	False	MAKVLMFNFPGEGHINPTIALVEELIKRGEEVIYYCVEKYRSKIENTGALFRPYENFISQIDMVKRMSGQIDSQELLLHMIKSMDKIIEIILEEVKEEEYDYVIYDNNFAVGWIIAEVLQLPKISSCTTFAITKKIASTLMKNHGEENKKSPLYQEVMCILKKWEDIYGITLNEKQNVMTCPGDITIVYTSKLYQPNVEEFDDSYIFVGPSIAQRKDVDSFSLEQEKGNKLIFISMGTVFNQQPDFYYTCFEAFRDSSVTVILTIGEQNNISQLDNIPSNFKLYNYVPQLDILQQTDLFITHGGMNSSSESLYFGVPMLVIPVMGDQPIVAQRIEELEAGVQLDRNLLTPEILRNTAMHVLSNDIYIKNSHRIGESLKNAGGYNKAADEIETFKFKMGIK
13	4	WP_097845954.1	0.0298	False	MAKVLMFNFPGEGHINPTIALVEELIKRGEEVIYYCVEKYRSKIENTGALFRPYENFISQIDMVKRMSGQLDSQELLLHMIKSMDKIIEIILEEVKEEEYDYVIYDNNFAVGWIIAEVLQLPKISSCTTFAITKKIASTLMKNHGEENKKSPLYQEVMCILKKWEDIYGITLNEKQNVMTCPGDITIVYTSKLYQPNVEEFDDSYIFVGPSIAQRKDVDSFSLEQEKGNKLIFISMGTVFNQQPDFYYTCFEAFRDSSVTVILTIGEQNNISQLDNIPSNFKLYNYVPQLDILQQTDLFITHGGMNSSSESLYFGVPMLVIPVMGDQPIVAQRIEELEAGVQLDRNLLTPEILRNTAMHVLSNDIYIKNSHRIGESLKNAGGYNKAADEIETFKFKMGIK
13	5	WP_098829447.1	0.0304	False	MAKVLMFNFPGEGHINPTIALVEELIKRGEEVIYYCVEKYRSKIENTGALFRPYENFISQIDMVKRMSGQIDSQELLLHMVKSMDKIIEIILEEVKEEEYDYVIYDNNFAVGWIIAEVLQLPKISSCTTFAITKKIASTLMKNHGEENKKSPLYQEVMCILKKWEDIYGITLNEKQNVMTCPGDITIVYTSKLYQPNVEEFDDSYIFVGPSIAQRKDVDSFSLEQEKGNKLIFISMGTVFNQQPDFYYTCFEAFRDSSVTVILTIGEQNNISQLDNIPSNFKLYNYVPQLDILQQTDLFITHGGMNSSSESLYFGVPMLVIPVMGDQPIVAQRIEELEAGVQLDRNLLTPELLRNTAMHVLSNDIYIKNSHRIGESLKNAGGYNKAADEIETFKFKMGIK
14	1	WP_223698548.1	0.0187	True	MANVLVINFPGEGHINPTLAIVSELIRRGETVVSYCIEDYRKKIEATGAEFRVFENFLSQINIMERVNEGGSPLTMLSHMIEASERIVTQIVEETKGEKYDYLIYDNHFPVGRIIANVLQLPSVSSCTTFAFNQYITFNDEQESRQVDETNPLYQSCLAGMEKWNRQYGMKCNSMYDIMNHPGDITIVYTSKEYQPRSDVFDKSYKFVGPSIATRKEVGSFPMEDLKDEKVIFISMGTVFNEQPELYEKCFEAFKDVEATVVLVVGKKINISQFENIPNNFKLYNYVPQLEVLQHADVFVTHGGMNSSSEALYYGVPLVVIPVTGDQPLVAKRVTEVGAGIRLNRKELTSELLRESVKKVIDDVTFKENSRKVGESLRNAGGYNRAVDEIFKMKMNSYLKLK
14	2	WP_088096169.1	0.0207	False	MANVLVINFPGEGHINPTLAIVSELIRRGETVVSYCIEDYRKKIEETGAEFRVFENFLSQINIMERVNEGGSPLTMLSHMIEASERIVTRIVEETKGEKYDYLIYDNHFPVGRIIANVLKLPSVSSCTTFAFNQYITFNDEQESRQVDETNPLYQSCLAGMEKWNRQYGMKCNSMYDIMNHPGDITIVYTSKEYQPRSDVFDESYKFVGPSIATRKEVDSFPMEDLKDEKLIFVSMGTVFNEQPELYEKCFEAFKDVEATVVLVVGKKININQFENIPNNFKLYNYVPQLEVLQHADVFVTHGGMNSSSEALYYGVPLVVIPVTGDQPLVAKRVTEVGAGIRINRKELTSELLRETVKQVMEDVTFKANSRKVGESLRNAGGYNRAVDEIFKMRMNSYLKLK
14	3	WP_237980982.1	0.0211	False	MANVLVINFPGEGHINPTLAIVSELIRRGETVVSYCIEDYRKKIEETGAEFRVFENFLSQINIMERVNEGGSPLTMLSHMIEASERIVTQIVEETKGEKYDYLIYDNHFPVGRIIANVLKLPSVSSCTTFAFNQYITFNDEQESRQVDETNPLYQSCLAGMEKWNRQYGMKCNSMYDIMNHPGDITIVYTSKEYQPRSDVFDESYKFVGPSIATRKEVDSFPMEDLKDEKLIFVSMGTVFNEQPELYEKCFEAFKDVEATVVLVVGKKININQFENIPNNFKLYNYVPQLEVLQHADVFVTHGGMNSSSEALYYGVPLVVIPVTGDQPLVAKRVTEVGGGIRINRKELTSELLRETVKQVMEDVTFKANSRKVGESLRNAGGYNRAVDEIFKMRMNSYLKLK
14	4	WP_098608537.1	0.0251	False	MANVLVINFPGEGHINPTLAIVSELIRRGETVVSYCIEDYRKKIEATGAEFREFENFLSQINIMERVNEGGSPLTMLSHMIEASERIVTQIVEETKGEKYDYLLYDNHFPVGHIIANVLQLPSVSSCTTFAFNQYITFNDEQESGHLDETNPLYQSCLAGMEKWNRKYGMKCNSMYDIMNHPGDITIVYTSKEYQPRSDVFDESYKFVGPSIATRKEVGSFPMEDLKGEKLIFISMGTVFYEQPELYEKCFEAFKDEEATVVLVVGKKINISQFENVPNNFKLYNYVPQLEVLQHADVFVTHGGMNSSSEALYYGVPLVVIPVTGDQPLVAKRVNEVGAGIRLNRKELTSELLRETVKKVMNDVTFKENSRKVGESLRNAGGYNRAVDEIFKMKMNALLKIK
14	5	WP_242251674.1	0.0252	False	MANVLVINFPGEGHINPTIAIVSELIQRGETVVSYCIEDYRKKIEATGAEFRVFENFLSQINIMERVNEGGSPLVMLSHMIEASERIVTQIVEETKGEKYDYLIYDNHFPVGRIIANVLQLPSVSSCTTFAFNQYITFNDEQESRQVDETNPLYQSCLAGMEKWNRKYGMKCNSMYDIMNHPGDITIVYTSKEYQPSSDVFDKSYKFVGPSIATRKEVGSFPMEDLKDEKVIFISMGTVFNEQPELYEKCFEAFKDVEATVVLVVGKKINISQFENIPDNFKLYNYVPQLEVLQHADVFVTHGGMNSSSEALYYGVPLVVIPVTGDQPLVAKRVNEVGAGIRLNRKELTSELLRESVKKVIDDVTFKENSRKVGESLRNAGGYNRAVDEIFKMKMNSYLKLK
15	1	WP_310332001.1	0.0223	True	MGKVLFFNFPGEGHVNPTIALVEELVKKGEDVVYYCVEEYKNKIEKTGALFRPYENFTRNIDPMKRLTEKIDPLDMLLFMGRSMDKIIEDVLNEISEEKYDYVIYDNNFAAGWIIADVLGIPKISSCTTFAINKEIFSALIKSRGEMDKTSPRYREIEEISTKWKHKYGVVLSDRQNLMSCPGDITIVFTSKLYQPYADKFDESFIFVGPSIAPRKDVETLPLKSIPSNKLIFISMGTVFNQQPELYTICFKAFQESQATVVLSVGKQTDIRQFKDIPPNFIVRNYVPQLEILQQADVFITHGGMNSSSEGLYFGVPLVVIPVMGDQPIVANRIEELGAGLQLNRQELDAITLRNTTEQVLSNSSFKEKSLEIGETLRDSGGYKKAVEAILKFKKDAKIEDLI
15	2	SFH63034.1	0.0233	False	MGKVLFFNFPGEGHVNPTIALVEELVKKGEDVVYYCVEEYKNRIEKTGALFRPYENFVRNIDPMKRMTKKIDPLEMLLFMGRSMDKIIEDVLNEISEEKYDYVIYDNNFAAGWIIADVLGIPKISSCTTFAINEDIFSALIKSRGEIDKTSPRYREIEEISTKWKHKYGVILSDSQNLMSCPGDITIVFTSKLYQPYADKFDESFIFVGPSIAPRKDVETLPLKSIPSNRLIFISMGTVFNQQPELYTTCFKAFQESKATVVLSVGKQTDIRQFKDIPPNFIVRNYVPQLEILQQADVFITHGGMNSSSEGLYFGVPLVVIPVMGDQPIVANRIEELGAGLQLNRQELDAITLRNTTEQVLSNSSFKEKSLEIGKSLRDSGGYKKAVEAILKFKEDANI
15	3	MED4212611.1	0.0244	False	MGKVLFFNFPGEGHVNPTIALVEELVKKGEDVVYYCVEEYKNRIEKTGALFRPYENFVRNIDPMKRMTEKIDPLEMLLFMGRSMDKIIEDVLNEISEEKYDYVIYDNNFAAGWIIADVLGIPKISSCTTFAINKDIFSALIKSRGEIDKTSPRYREIEEISTKWKHKYGVILSDSQNLMSCPGDITIVFTSKLYQPHADKFDESFIFVGPSIAPRKDVETLPLKSIPSNRLIFISMGTVFNQQPELYTTCFKAFQESKATVVLSVGKQTDIRQFKDIPPNFIVRNYVPQLEILQQADVFITHGGMNSSSEGLYFGVPLIVIPVMGDQPIVANRIEELGAGLQLNRQELDAITLRNTTEQVLSNSSFKEKSLEIGKSLRDSGGYKKAVEAILKFKEDAKIEDLI
15	4	WP_182528058.1	0.0247	False	MGKVLFFNFPGEGHVNPTIALVEELVKKGEDVVYYCVEEYKNKIEKTGALFRPYENFVRNIDPMKRMTEKIDPLEMLLFMGRSMDKIIEDVLNEISEEKYDYVIYDNNFAAGWIIADVLGIPKISSCTTFAINEDIFSALIKSRGEIDKTSPRYREIEEISTKWKHKYGVILSDSQNLMSCPGDITIVFTSKLYQPHADKFDESFIFVGPSIAPRKDVETLPLKSIPSNRLIFISMGTVFNQQPDLYTTCFKAFQESQATVVLSVGKQTDIRQFKDIPPNFIVRNYVPQLEILQQADVFITHGGMNSSSEGLYFGVPLVVIPVMGDQPIVANRIEELGAGLQLNRQELDAITLRNTTEQVLSNSSFKERSLKIGKSLRDSGGYKKAVEAILKFKEDANI
15	5	WP_328265441.1	0.0253	False	MGKVLFFNFPGEGHVNPTIALVEELVKKGEDVVYYCVEEYKNKIEKTGALFRPYENFVRNIDPMKRMTEKIDPLEMLLFMGRSMDKIIEDVLNEISEEKYDYVIYDNNFAAGWIIADVLGIPKISSCTTFAINEDIFSALIKSRGEIDKTSPRYREIEEISTKWKHKYGVILSDSQNLMSCPGDITIVFTSKLYQPHADKFDESFIFVGPSIAPRKDVETLPLKSIPSNRLIFISMGTVFNQQPELYTTCFKAFQESKATVILSVGKQTDIRQFKDIPPNFIVRNYVPQLEILQQADVFITHGGMNSSSEGLYFGVPLVVIPVMGDQPIVANRIEELGAGLQLNRQELDAITLRNTTEQVLSNSSFKERSLEIGKSLRDSGGYKKAVEAILKFKEDANI
16	1	WP_144479756.1	0.0251	True	MARVLFINGGSEGHINPTIGVVQELISRGEEVVYFTIEAFRERIEKTGATVRTIDGEKFIKAFLSGGRNYLLERINGLLRTVDIVIPSVLEQIKGEHFDYIIHDSMFGCGRLLAQILKLPAINSCTSFAQTNASFDKMLEQLSKEIPTEIVKPIYDEFQRLTVMVKEKYDVEIHSPYEVFCNPAPLSIVYTTREFQPFGEVFDQTYKFVGPSISSRLKQDNFDLAAIKGKSPIYISLGTVFNRAVDFYKLCFEAFGNSNHTVVMSIGQQTPLIDLGEIPQNFIVKKYVPQTEVLKYTKLFITHGGMNSTNEGLYYGVPLIVIPQSADQPIIAQQVANIGAGIRLQMQSLTANQLSEAADHVLNDPSFHKAVSNIRESFQKPGGYHQAVDEIFEFKSQYDI
16	2	WP_353752279.1	0.0255	False	MARVLFINAGSEGHINPTIGVVQELISRGEEIVYFTIESFRERIEKTGATVRTIDGEKFIEAFLSGGRNYLLERINGLLHTVDIVIPSVLEQIKGEHFDYIIHDSMFGCGRMLAQILKLPAINSCTSFAQTKASFDKMLEQLSKEITPDIGKPIQDEFQRLTAMVKEKYDVDIHSAYEVFCNPAPLSIVYTTREFQPFKEAFDQTYKFVGPSISSRIKQDNFDLADIKGKSPLYISLGTVFNRSLDFYKLCFEAFGKSNHTVVMSVGQQTPLIELGEIPQNFIVKKYVPQTEVLKYTKLFITHGGMNSTNEGLYYGVPLIVIPQSADQPMIAGQVANIGAGITLQMQSLTANQLREAADHVLNDPTFHKTVSNLKESFQKSGGYHQAVDEIFEFKRQYDI
16	3	WP_328175949.1	0.0261	False	MARVLFINAGSEGHINPTIGVVKELISRGEEVVYFTIESFRERIERTGATVRTIDGEKFIEAFLSGGRNYLLERINGLLHTVDIVIPSVLEQIKGEHFDYIIHDSMFGCGRMIAQILKLPAINSCTSFAQTKASFDKMLEQLSKEITPEIGKPIQDEFQRLTAMVKEKYDVEIHSAYEVFCNPAPLSIVYTTREFQPFKEAFDQTYKFVGPSISSRIKQDNFDLADIKGKIPLYISLGTVFNRSLDFYKLCFEAFGNSDHTVVMSVGQQTPLIELGEIPKNFIVKKYVPQTDVLKYTKLFITHGGMNSTNEGLYYGVPLIVIPQSADQPMIAGQVANIGAGITLQMQSLTANQLREAADHVLNDPTFHKTVSNLKESFQKSGGYHQAVDEIFEFKRQYDI
16	4	WP_403165057.1	0.028	False	MARVLFINGGSEGHINPTIGVVQELISRGEEVVYFTIEAFRERIEKTGATVRTIDGEKFIKAFLSGGRNYLLERINGLLRTVDIVIPSVLEQIKEEHFDYIIHDSMFGCGRLLAQILKLPAINSCTSFAQTNASFDKMLEQLSKEIPTEIVKPIYDEFQRLTVMVKEKYDVEIHSPYEVFCNPAPLSIVYTTREFQPFGEAFDQTYKFVGPSISSRLKQDNFDLAAIKGKSPIYISLGTVFNRAVDFYKLCFEAFGNSNHTVVMSIGQQTPLIDLGEIPQNFIVKKYVPQTEVLKYTKLFITHGGMNSTNEGLYYGVPLIVIPQSADQPIIAHQVANIGAGIRLQMQSLTANQLREAADHVLNDPSFHKAVSNIRESFQKPGGYHQAVDEIFEFKSQYDI
16	5	TDL85998.1	0.0291	False	MARVLFINAGSEGHINPTIGVVQELISRGEEVVYFTIEAFRERIEKTGATVRTIDGEKFIEAFLSGGRNYLLERINGLLHTVDIVIPSVLEQIKGEHFDYIIHDSMFGCGRLLAQILKLPAINSCTSFAQTKASFDKMLEQLSKEIPPEIGKPIHDEFQSLTVMVKEKYDVEIHSTYEVFCNPAPLSIVYTTREFQPFKEAFDQTYKFVGPSISSRLKQDNFDLADIKGKSPLYISLGTVFNQSLDFYKLCFEAFGNSNHTVVMSIGQQIPLIDLGEIPQNFIVKKYVPQTEVLKYTKLFITHGGMNSTNEGLYYGVPLIVIPQSADQPMIAGQVANIGAGIKLQMQSLTANQLREAADHVLNDPTFHKTVSNLKESFQKSGGYHQAVDEIFEFKRQYDI
17	1	HDR4904844.1	0.0264	True	MARVLFINAGSEGHINPTLQVVEELISRGEEVVYFSIEAFRERIEKTGATVRTIDDQKFIKAFLSGGRNYLQERINGLLHTADIVIPSVLEQIEGEHFDYIIHDSMFGCGHLIAQILKLPAINSCTSFAQDEKSFEQMLGHLSKNIPVEIHDKIQNDFQNLTKGIAEKYGVEIKSSYEVFCNPAPLTIVYTIKEFQPFGDTFDETYKFVGPSISAQMKNRDVDFTSIEEKSPIYISLGTVFNEAIDFYKLCMKAFENSEHTIVMSIGNKTKISDLGEIPKNLIVKNYVPQTELLTYTKLFITHGGMNSVHEGLYNGIPLVVIPQSADQPVVAKQVESLGAGIKLQMQGLTADQLSESVEMVLNNPSFKKVALNMKESFRKSGGYKEAVDEIFIFVGQ
17	2	WP_063547513.1	0.0269	False	MARVLFINAGSEGHINPTLPVVEELISRGEEVVYFSIEAFRERIEKTGATVRTIDDQKFIKAFLSGGRNYLQERINALLHTADVVIPSVLEQIEGEHFDYIIHDSMFGCGHLIAQILKLPSINSCTSFAQDEKSFEQMLGHLSKNIPVEIHDKIQNDFQNLTKGIAEKYGVEIKSSYEVFCNPAPLTIVYTIKEFQPFGDTFDETYKFVGPSISAQMKNRDVYFTSIEEKSPIYISLGTVFNEAIDFYKLCMKAFENSEHTIVMSIGNKTKISDLGEIPKNFIVKNYVPQTELLTYTKLFITHGGMNSAHEGLYNGVPLVVIPQSADQPVVAKQVESLGAGIKLQMQGLTADQLSESVEMVLNNPSFKEVALNLKESFQKSGGYKEAVDEIFIFVGQ
17	3	WP_098855348.1	0.0283	False	MARVLFINAGSEGHINPTLPVVEELISRGEEVVYFSIEAFRERIEKTGATVRTIDDQKFIKAFLSGGRNYLQERINGLLHTADVVIPSVLEQIEGEHFDYIIHDSMFGCGHLIAQILKLPSINSCTSFAQDEKSFEQMLGHLSKNIPVEIHDKIQNDFQNITKGIAEKYGVEIKSSYEVFCNPAPLTIVYTIKEFQPFGDTFDETYKFVGPSISAQMKNRDVDFTSIEEKSPIYISLGTVFNEAIDFYKLCMKAFENSEHTIVMSIGSKTKIRDLGEIPKNFIVKNYVPQTELLTYTKLFITHGGMNSAHEGLYNGVPLVVIPQSADQPVVAKQVESLGAGIKLQMQGLTADQLSESVEMVLNNPSFKEVALNLKKSFQKSGGYKEAVDEIFIFVGQ
17	4	WP_098014959.1	0.029	False	MARVLFINAGSEGHINPTLPVVEELISRGEEVVYFSIEAFRERIEKTGATVRTIDDQKFIKAFLSGGRNYLQERINGLLHTADVVIPSVLEQIEGEHFDYIIHDSMFGCGHLIAQILKLPSINSCTSFAQDEKSFEQMLGHLSKNIPVEIHDKIQNDFQNLTKGIAEKYGVEIKSSYEVFCNPAPLTIVYTIKEFQPFGDTFDETYKFVGPSISAQMKNRDVDFTSIEEKSPIYISLGTVFNEAIDFYKLCMKAFENSEHTIVMSIGSKTKIRDLGEIPKNFIVKNYVPQTELLTYTKLFITHGGMNSAHEGLYNGVPLVVIPQSADQPVVAKQVESLGAGIKLQMQGLTADQLSESVEMVLNNPSFKEVALNLKKSFQKLGGYKEAVDEIFIFVGQ
17	5	WP_098123848.1	0.029	False	MARVLFINAGSEGHINPTLQVVEELISRGEEVVYFSIEAFRDRIEKTGATVRTIDDQKFIKAFLSGGRNYLQERINGLLHTADIVISSVLEQIEGEHFDYMIHDSMFGCGHLIAQILKLPAINSCTSFAQDEKSFEQMLGHLSKNIPVEIHDKIQNDFQNLTKGIAEKYGVEIKSSYEVFCNPAPLTIVYTIKEFQPFGDTFDETYKFVGPSISAQMKNRDVDFTSIEEKSPIYISLGTVFNEAIDFYKLCMKAFENSEHTIVMSIGNKTKISNLGEIPKNFIVKNYVPQTELLTYTKLFITHGGMNSTHEGLYNGVPLVVIPQSADQPAIAKQVESLGAGVQLHMNELTVEKLRESVELILNNPSYKEAALNLKESFRTSGGYKEAVDEIFTFVGQ
