"Accession"	"Annotation"	"First seen"	"Closest query"	"Identity closest query"	"Kingdom"	"Solubility"	"Relative aggregation propensity"	"Source databases"	"Sequence length"	"Optimum pH"	"Melting temperature"	"Domain annotation"	"Extra domains"	"Closest known"	"Identity closest known"	"Closest all"	"Identity closest all"	"Swiss-Prot"	"Organism"	"Salinity"	"Optimum temp."	"Temp. range"	"Biotic relationship"	"Disease"	"Transmembrane"	"ER template"	"Catalytic His"	"Catalytic Asp"	"PSPG 1"	"PSPG 2"	"Essential residues"	"GI"	"Structure"	"Sequence"
"DUMMY_Q1"	"Hypothetical hydrolase, synthetic dummy enzyme"	"2020-01-01"	"DUMMY_Q1"	"100.0"	"B"	"0.75"	"0.1"	"dummy_db"	"138"	"7.0"	"55.0"	"PF00000 Dummy_domain 10-120 1.0E-20"	""	"DUMMY_Q1"	"100.0"	"DUMMY_Q1"	"100.0"	""	"Fictibacter dummius"	""	"30 °C"	"Mesophilic"	"Free living"	""	"o"	"DUMMY_Q1"	"H"	"D"	"P"	"Q"	"HDPQ"	"000000001"	""	"IVQCIQAYTVKWKDVKTHVARNELIAYALRSGDECCTEMWVQDCNYRNTDFVRWNTQEQHRALDCETGATNQSWDCKDVKHIEHLVNENGIPLFFVEYYKDKMANNCSSMINHFAHTDPENPRSKWENRGVKDKGVTE"
"DUMMY_H1"	"Putative hydrolase family protein, dummy homolog #1"	""	"DUMMY_Q1"	"97.8"	"E"	"0.21"	"0.16"	"dummy_db"	"138"	"6.5"	"47.5"	"PF00000 Dummy_domain 8-121 8.0E-14"	""	"DUMMY_Q1"	"97.8"	"DUMMY_Q1"	"97.8"	""	"Blankomyces testicus"	""	"51 °C"	"Thermophilic"	"Free living"	""	"o"	"DUMMY_Q1"	"H"	"D"	"P"	"Q"	"HDPQ"	"631087168"	""	"IVQCIQAYTVKWKDVKTHVARNELIAYALRSGDECCTEMWVQDCNYRNTDFVRWNTQEQHRWLDCETGTTNQSWDCKDVKHIEHLVNENGIPLFFVEYYKDKMSNNCSSMINHFAHTDPENPRSKWENRGVKDKGVTE"
"DUMMY_H2"	"Putative hydrolase family protein, dummy homolog #2"	"2000-01-07"	"DUMMY_Q1"	"96.4"	"E"	"0.19"	"0.94"	"dummy_db"	"138"	"4.7"	"59.9"	"PF00000 Dummy_domain 8-121 7.7E-2"	""	"DUMMY_Q1"	"96.4"	"DUMMY_Q1"	"96.4"	""	"Blankomyces mockii"	""	"30 °C"	"Psychrophilic"	"Symbiotic"	""	"o"	"DUMMY_Q1"	"H"	"D"	"P"	"Q"	"HDPQ"	"834588829"	""	"IVQCIQAYTVKWKDVKTHVARNELIAYALRSGDECCTEMWVQDCNYRNTDFVRWNTQEQHRAHDCETGATNQSWDCKDVKHIEWLDNENGIPLFFVEYYKDKMANNCSSMINHFAHTHPENPRSKWFNRGVKDKGVTE"
"DUMMY_H3"	"Putative hydrolase family protein, dummy homolog #3"	""	"DUMMY_Q1"	"95.7"	"E"	"0.33"	"0"	"dummy_db"	"138"	"6"	"75"	"PF00000 Dummy_domain 8-121 2.7E-23"	""	"DUMMY_Q1"	"95.7"	"DUMMY_Q1"	"95.7"	""	"Pseudodatum simulans"	""	"48 °C"	"Mesophilic"	"Symbiotic"	""	"o"	"DUMMY_Q1"	"H"	"D"	"P"	"Q"	"HDPQ"	"659870351"	""	"IVQCIQAYTVKWKDVKTHVARNELIAYALRSHDECCTEMWMQDCNYRNTDFVRWNTQEQHRALDCETGATNQSWDCKDVKHIEHLVNENGIPLFFVELYKDKMANNCSCMINHFKHTDPENPRSKWENRGVKDDGVTE"
"DUMMY_H4"	"Putative hydrolase family protein, dummy homolog #4"	"2022-07-01"	"DUMMY_Q1"	"93.5"	"B"	"0.56"	"0.56"	"dummy_db"	"138"	"5.8"	"83.9"	"PF00000 Dummy_domain 8-121 8.3E-20"	""	"DUMMY_Q1"	"93.5"	"DUMMY_Q1"	"93.5"	""	"Synthomonas dummius"	""	"46 °C"	"Psychrophilic"	"Symbiotic"	""	"o"	"DUMMY_Q1"	"H"	"D"	"P"	"Q"	"HDPQ"	"606648656"	""	"IVQSIQYWTVKWKDWKTMVARNELIAYALRSGDECCTEMWVQDCNYRNTDFVRWNTQEQHRALDCETGATNQSWDCKDVKHIEHLVNENGIPLFFVEYYKDKMANICSFMINHFAHTDPENPRSKWENRGVKDKEQTE"
"DUMMY_H5"	"Putative hydrolase family protein, dummy homolog #5"	"2000-04-17"	"DUMMY_Q1"	"93.5"	"A"	"0.44"	"0.24"	"dummy_db"	"138"	"5.8"	"68.4"	"PF00000 Dummy_domain 8-121 9.0E-16"	""	"DUMMY_Q1"	"93.5"	"DUMMY_Q1"	"93.5"	""	"Pseudodatum modelus"	""	"67 °C"	"Thermophilic"	"Host associated"	""	"o"	"DUMMY_Q1"	"H"	"D"	"P"	"Q"	"HDPQ"	"978809353"	""	"HVPCIQAYTVKWKDVKTHVARNECIAYGLRSGFECCTEMWVQDCNYRNTDFQRWNTQEQHRALDCETGATNQSWDCKDVKHIEHLVNENGIPLWFVEYYKDKMANNCSSMINHFAHTDPENPRRKWENRGVKDKGVTP"
"DUMMY_H6"	"Putative hydrolase family protein, dummy homolog #6"	"2006-08-10"	"DUMMY_Q1"	"92"	"B"	"0.44"	"0.37"	"dummy_db"	"138"	"5.1"	"60.8"	"PF00000 Dummy_domain 8-121 9.7E-19"	""	"DUMMY_Q1"	"92"	"DUMMY_Q1"	"92"	""	"Mockibacter fakei"	""	"61 °C"	"Mesophilic"	"Host associated"	""	"o"	"DUMMY_Q1"	"H"	"D"	"P"	"Q"	"HDPQ"	"287923845"	""	"IVQCIQAYTVKWKDVKTHVARWELIAYALRSGDECCTEMWVQDCNYRNTDFVRWNTQEQHRALDCETGATNQSWDCKDVKHIENLVNEWGIPEFFVEYYKDKMANNWSSMQNLFAHTMPFNPRYKWENRGVKQKGVTE"
"DUMMY_H7"	"Putative hydrolase family protein, dummy homolog #7"	"2021-08-06"	"DUMMY_Q1"	"89.9"	"A"	"0.3"	"0.93"	"dummy_db"	"138"	"4.9"	"38.5"	"PF00000 Dummy_domain 8-121 1.2E-10"	""	"DUMMY_Q1"	"89.9"	"DUMMY_Q1"	"89.9"	""	"Nullospora fictus"	""	"16 °C"	"Psychrophilic"	"Free living"	""	"o"	"DUMMY_Q1"	"H"	"D"	"P"	"Q"	"HDPQ"	"154236668"	""	"QVQCIQAYTVKWKDVKTHVARNELIAYALRVGDECCTEMWVQDCNRLNTDFVRWCTREQHRALDCECGWTNQSWFCKDVKHIEHLVNENGIPLFFVEYYKSKPANNCSSMNNNFAHTDPENPRSKWENRGVKDAGVTE"
"DUMMY_H8"	"Putative hydrolase family protein, dummy homolog #8"	""	"DUMMY_Q1"	"88.4"	"B"	"0.38"	"0.19"	"dummy_db"	"138"	"9.1"	"80.1"	"PF00000 Dummy_domain 8-121 8.3E-11"	""	"DUMMY_Q1"	"88.4"	"DUMMY_Q1"	"88.4"	""	"Fictibacter simulans"	""	"13 °C"	"Thermophilic"	"Host associated"	""	"o"	"DUMMY_Q1"	"H"	"D"	"P"	"Q"	"HDPQ"	"692167668"	""	"IVQCIQAYTVKWKDVKWHVARNELIAPALRSGDERCTEMWVQDCNYFNTDFVRWNTQEQHRALNCETEATNQEWDCKDVKHIIHLVNENGIPLFFVEYLKRGMANNCSSMGNHMAHFDPENPRCKWENRGVKDKGVHE"
"DUMMY_H9"	"Putative hydrolase family protein, dummy homolog #9"	"2002-09-26"	"DUMMY_Q1"	"87"	"B"	"0.83"	"0.85"	"dummy_db"	"138"	"8.2"	"58.6"	"PF00000 Dummy_domain 8-121 5.7E-24"	""	"DUMMY_Q1"	"87"	"DUMMY_Q1"	"87"	""	"Blankomyces vacuus"	""	"76 °C"	"Psychrophilic"	"Host associated"	""	"o"	"DUMMY_Q1"	"H"	"D"	"P"	"Q"	"HDPQ"	"561912114"	""	"ISQCIQAYPVIAKDVKTHVARNELIAYHLMSGDECCTEMWVQDNNERNTDFVRWNTQEQHIALDAETGADNQSWDCKDCKHIEHLVNENGIPLFFVEYHKDKMRNICSSMINHFAHTDPEMWRSKWEQRGVKDKGVTE"
"DUMMY_H10"	"Putative hydrolase family protein, dummy homolog #10"	"2001-04-26"	"DUMMY_Q1"	"86.2"	"A"	"0.91"	"0.9"	"dummy_db"	"138"	"8.1"	"75.1"	"PF00000 Dummy_domain 8-121 4.9E-28"	""	"DUMMY_Q1"	"86.2"	"DUMMY_Q1"	"86.2"	""	"Fictibacter simulans"	""	"56 °C"	"Mesophilic"	"Symbiotic"	""	"o"	"DUMMY_Q1"	"H"	"D"	"P"	"Q"	"HDPQ"	"496517979"	""	"IVQCIQAYTVAAAGVKTHWARNEEQAYALKSGDECCTDMWVSDCNYRNTDFVRWTTQEQHRAIDCETGAYNQSWDCKDVKHPEHLVNENGIPLFFVHYYKEKMANNCYDMINHQAHTDPENPRSKWENRGVKDKGVTE"
"DUMMY_H11"	"Putative hydrolase family protein, dummy homolog #11"	"2022-01-03"	"DUMMY_Q1"	"84.8"	"B"	"0.91"	"0.61"	"dummy_db"	"138"	"7.9"	"59"	"PF00000 Dummy_domain 8-121 8.6E-9"	""	"DUMMY_Q1"	"84.8"	"DUMMY_Q1"	"84.8"	""	"Nullospora mockii"	""	"10 °C"	"Psychrophilic"	"Host associated"	""	"o"	"DUMMY_Q1"	"H"	"D"	"P"	"Q"	"HDPQ"	"968338800"	""	"IVQCIQAYTVKWKDVITHVARCELIAYALRSGDECCKEMWVQDCNYRNTDFVNWNTQEQIRATKCEDGAINQWWDCKDVKHIQHLVNPNGIPLIPIAYYVDKMANNCSSYINHFAHTVTENPRSKWDNRGVKDKGVTE"
"DUMMY_H12"	"Putative hydrolase family protein, dummy homolog #12"	"2013-01-01"	"DUMMY_Q1"	"82.6"	"B"	"0.42"	"0.83"	"dummy_db"	"138"	"5.7"	"48.5"	"PF00000 Dummy_domain 8-121 1.0E-20"	""	"DUMMY_Q1"	"82.6"	"DUMMY_Q1"	"82.6"	""	"Testivibrio modelus"	""	"55 °C"	"Psychrophilic"	"Host associated"	""	"o"	"DUMMY_Q1"	"H"	"D"	"P"	"Q"	"HDPQ"	"695710401"	""	"IVQDIQAYTVKWKDVKTHVARNELPAYNLRSGDENCTEMWVQPCFYRNRDFYRWNTQEVHTALDWETGKTNQSWDCKDRKPKFTLVNENGIPLFFVEYYKLKMVNNCSSMCNHFAHTDPENPRSQERNRGIKDKGVTE"
"DUMMY_H13"	"Putative hydrolase family protein, dummy homolog #13"	"2019-06-02"	"DUMMY_Q1"	"82.6"	"A"	"0.42"	"0.01"	"dummy_db"	"138"	"8.5"	"44.5"	"PF00000 Dummy_domain 8-121 4.8E-20"	""	"DUMMY_Q1"	"82.6"	"DUMMY_Q1"	"82.6"	""	"Prototypus modelus"	""	"40 °C"	"Mesophilic"	"Host associated"	""	"o"	"DUMMY_Q1"	"H"	"D"	"P"	"Q"	"HDPQ"	"624556668"	""	"IVQCIQHYGVKWKDVKTHIARNELIAYILRSGSECCTEHWVQDCHYRNKDFVRANTQEQGRCLDEETGATNQSFPCTDVKHHIHLVNYNGIPLFNVEYYKDKMANNCSYMINHFAHRDHEAPRSMWENRGVKDKGVTE"
"DUMMY_H14"	"Putative hydrolase family protein, dummy homolog #14"	"2018-07-03"	"DUMMY_Q1"	"80.4"	"E"	"0.56"	"0.24"	"dummy_db"	"138"	"5.9"	"51.2"	"PF00000 Dummy_domain 8-121 2.6E-17"	""	"DUMMY_Q1"	"80.4"	"DUMMY_Q1"	"80.4"	""	"Prototypus referens"	""	"46 °C"	"Mesophilic"	"Free living"	""	"o"	"DUMMY_Q1"	"H"	"D"	"P"	"Q"	"HDPQ"	"989420555"	""	"IVQCQQAYEVKWKDVKTHVAVNELVAYVLASWDECCQEMWVPDCNYRNTDFVRSNTQEQHRPLYCETGARNQSWDKKDVKHIEHLVNEGGICLFFVPNYNDKRANNCSAMINHFALTDPEYPRSKWKNREVWDKHVTE"
"DUMMY_H15"	"Putative hydrolase family protein, dummy homolog #15"	"2008-10-25"	"DUMMY_Q1"	"80.4"	"E"	"0.3"	"0.84"	"dummy_db"	"138"	"8.5"	"77.9"	"PF00000 Dummy_domain 8-121 6.3E-20"	""	"DUMMY_Q1"	"80.4"	"DUMMY_Q1"	"80.4"	""	"Exemplaris standardus"	""	"16 °C"	"Thermophilic"	"Free living"	""	"o"	"DUMMY_Q1"	"H"	"D"	"P"	"Q"	"HDPQ"	"913554156"	""	"IVQCIQAYTDKWKDAKPHVARNELIANALRTGVRLCTEMWVQDCNYRNTNLVRWITQEQHRAVFMETGATNQSWDCKDVKHIEHAVNEKGIPDFFMEYYKDKMANNCSSVINHFAHADREGPREKQENYRVRDKGVTE"
"DUMMY_H16"	"Putative hydrolase family protein, dummy homolog #16"	"2003-11-22"	"DUMMY_Q1"	"76.8"	"B"	"0.81"	"0.65"	"dummy_db"	"138"	"5.9"	"80"	"PF00000 Dummy_domain 8-121 3.2E-13"	""	"DUMMY_Q1"	"76.8"	"DUMMY_Q1"	"76.8"	""	"Fictibacter genericus"	""	"10 °C"	"Mesophilic"	"Free living"	""	"o"	"DUMMY_Q1"	"H"	"D"	"P"	"Q"	"HDPQ"	"487616423"	""	"IMQCIQAYTVKWGDVKAHVARNHLIAYALRSGREFCTEMKGQDCNYRDTDTSRTNTFEQNAAHLNVTGATNQSWDCKFVKVDEHLYNENGIPTFHVEYYKDKMANNCSSMRNHFTPTDPHNPDSKWENRGEKDKGVTD"
"DUMMY_H17"	"Putative hydrolase family protein, dummy homolog #17"	"2007-06-20"	"DUMMY_Q1"	"76.8"	"A"	"0.73"	"0.76"	"dummy_db"	"138"	"9"	"60.7"	"PF00000 Dummy_domain 8-121 7.8E-21"	""	"DUMMY_Q1"	"76.8"	"DUMMY_Q1"	"76.8"	""	"Pseudodatum standardus"	""	"64 °C"	"Psychrophilic"	"Symbiotic"	""	"o"	"DUMMY_Q1"	"H"	"D"	"P"	"Q"	"HDPQ"	"817400748"	""	"IVQYIQAYSVKWKDVTTHVSRTELIAYALRSHDECCTSCWVQHCNYRNTDFVLWNTQEQHRALDCWTGNTCQSWDCNDVKHIEILFNENGIPLQFMKYFKDKGASNCSSMIGDPYHNDDEWPRSKWENDGVKDKPETE"
"DUMMY_H18"	"Putative hydrolase family protein, dummy homolog #18"	"2019-01-11"	"DUMMY_Q1"	"77.5"	"A"	"0.14"	"0.2"	"dummy_db"	"138"	"7.4"	"72.8"	"PF00000 Dummy_domain 8-121 4.3E-18"	""	"DUMMY_Q1"	"77.5"	"DUMMY_Q1"	"77.5"	""	"Nullospora fictus"	""	"49 °C"	"Psychrophilic"	"Host associated"	""	"o"	"DUMMY_Q1"	"H"	"D"	"P"	"Q"	"HDPQ"	"907421391"	""	"HEQCICAYTVKWKDVKTHVARNERISYAAMSGDEGDTEMWVQDCNYRNTDWVRWITQEQHIALESETAATGQRWDWKDVKLIEHLMNENGIPTFFVEYYKGKAANLCSSHTNHFAHTSVENPRSLWEERGDKDKGVTE"
"DUMMY_H19"	"Putative hydrolase family protein, dummy homolog #19"	"2008-06-01"	"DUMMY_Q1"	"73.2"	"E"	"0.77"	"0.15"	"dummy_db"	"138"	"8.6"	"82.3"	"PF00000 Dummy_domain 8-121 9.4E-20"	""	"DUMMY_Q1"	"73.2"	"DUMMY_Q1"	"73.2"	""	"Testivibrio vacuus"	""	"51 °C"	"Thermophilic"	"Host associated"	""	"o"	"DUMMY_Q1"	"H"	"D"	"P"	"Q"	"HDPQ"	"559808509"	""	"SVQCIGAYTEKWLHIYTHWARNELQAYAVRSGDECCTEMWVQDCNYANTDAVRWNTQEQIRLLDCETGATNQASDCKDEKCNEDLVAGNGIPMFFVEHYKDKLEMNCSSMHSHFPIPDFQIPWSKWENRGVKDKGVLE"
"DUMMY_H20"	"Putative hydrolase family protein, dummy homolog #20"	"2016-08-21"	"DUMMY_Q1"	"73.9"	"B"	"0.4"	"0.93"	"dummy_db"	"138"	"6.2"	"83.5"	"PF00000 Dummy_domain 8-121 9.0E-17"	""	"DUMMY_Q1"	"73.9"	"DUMMY_Q1"	"73.9"	""	"Blankomyces mockii"	""	"17 °C"	"Mesophilic"	"Free living"	""	"o"	"DUMMY_Q1"	"H"	"D"	"P"	"Q"	"HDPQ"	"966821435"	""	"IVECIIAYGVKYKDVKTHVARNEVSAYVLRVGWNGCTEMLFQDCNYRKTCFVEWNTYHQIRALDQEYGATNQQWDCDDVKFISYRVNENGISLFFVELYKDKMANNSSSMINMFAQTDPENKRSKCENREVADKGVTE"
"DUMMY_H21"	"Putative hydrolase family protein, dummy homolog #21"	"2022-09-10"	"DUMMY_Q1"	"71"	"A"	"0.82"	"0.72"	"dummy_db"	"138"	"8.4"	"37.1"	"PF00000 Dummy_domain 8-121 8.7E-27"	""	"DUMMY_Q1"	"71"	"DUMMY_Q1"	"71"	""	"Testivibrio mockii"	""	"22 °C"	"Psychrophilic"	"Host associated"	""	"o"	"DUMMY_Q1"	"H"	"D"	"P"	"Q"	"HDPQ"	"700374481"	""	"IVQFIQCATVKTDDVKTEVESNELIAYAVRSGREYCTEMWVQHCVEHNTDFVRWNVQSQARALDCETGFTNWSWDCYAVKPIEHFVNENDFPIVFEEYWRDKMANNCSNMNNHFKHDNPENPRCKHENRGVKDKRVDE"
"DUMMY_H22"	"Putative hydrolase family protein, dummy homolog #22"	"2019-10-17"	"DUMMY_Q1"	"72.5"	"E"	"0.75"	"0.9"	"dummy_db"	"138"	"9"	"55.1"	"PF00000 Dummy_domain 8-121 4.7E-17"	""	"DUMMY_Q1"	"72.5"	"DUMMY_Q1"	"72.5"	""	"Pseudodatum dummius"	""	"7 °C"	"Thermophilic"	"Free living"	""	"o"	"DUMMY_Q1"	"H"	"D"	"P"	"Q"	"HDPQ"	"068278079"	""	"IDQCILAITVRWKDVKTHHARNEDKAYALSIGDECCTEMWVQPCNYRNKDFVRRQKKEQMRGLDCETPWTNYSWDCKDVKHIEFLRNENIIPLFWQGCYKDKEANNASSRINHFADTDMEYPRSKWDNRFVDDKGEDE"
"DUMMY_H23"	"Putative hydrolase family protein, dummy homolog #23"	""	"DUMMY_Q1"	"67.4"	"E"	"0.11"	"0.03"	"dummy_db"	"138"	"9.2"	"50.6"	"PF00000 Dummy_domain 8-121 4.0E-28"	""	"DUMMY_Q1"	"67.4"	"DUMMY_Q1"	"67.4"	""	"Sampleorganismus genericus"	""	"39 °C"	"Thermophilic"	"Free living"	""	"o"	"DUMMY_Q1"	"H"	"D"	"P"	"Q"	"HDPQ"	"512335214"	""	"ICACISAYTVKWKMVKTHVVRNESIPYFVRSGDECCRNLWVHDCMDRLTLFVRWWTIEQGRILDQLTGATCQSWDSADDKHIAWCINENGIWQFFVEYSKDKMQNDCSCMINHFAHTDPSQPRSKEENRRVKQPGVRH"
"DUMMY_H24"	"Putative hydrolase family protein, dummy homolog #24"	"2008-01-08"	"DUMMY_Q1"	"66.7"	"A"	"0.74"	"0.01"	"dummy_db"	"138"	"7.7"	"45"	"PF00000 Dummy_domain 8-121 2.7E-22"	""	"DUMMY_Q1"	"66.7"	"DUMMY_Q1"	"66.7"	""	"Filleria referens"	""	"60 °C"	"Thermophilic"	"Host associated"	""	"o"	"DUMMY_Q1"	"H"	"D"	"P"	"Q"	"HDPQ"	"133823108"	""	"CVECLAAYTVKWSDVYTHVARNEPICKAFRSADECCFEMWVQDYCPRHTDFKRWNTQEQHHALSCETLAFKVVYQHKDGKVIEMGVSANGIILFFVAYYKDKMENNCSSKVNHRARTDPFNPRSKWINRAHKDKGVWN"
"DUMMY_H25"	"Putative hydrolase family protein, dummy homolog #25"	"1999-02-05"	"DUMMY_Q1"	"66.7"	"B"	"0.92"	"0.11"	"dummy_db"	"138"	"4.5"	"47"	"PF00000 Dummy_domain 8-121 1.1E-9"	""	"DUMMY_Q1"	"66.7"	"DUMMY_Q1"	"66.7"	""	"Nullospora syntheticus"	""	"33 °C"	"Mesophilic"	"Free living"	""	"o"	"DUMMY_Q1"	"H"	"D"	"P"	"Q"	"HDPQ"	"602728414"	""	"IRQWIQYYMPKWKDVFTHPGRNELIQYTLRSGIPCCTIMSVQFCIYREGFFVRMETQEQHEKLDCEHLLTRQSPDCKDVKQIEHLHNEVGIALAFVEYYKDKMANMVSSQVNHFACNERENPLSKWYNQGVKDKGVVC"
"DUMMY_H26"	"Putative hydrolase family protein, dummy homolog #26"	"2000-07-15"	"DUMMY_Q1"	"63.8"	"B"	"0.33"	"0.88"	"dummy_db"	"138"	"8.5"	"53.6"	"PF00000 Dummy_domain 8-121 5.2E-17"	""	"DUMMY_Q1"	"63.8"	"DUMMY_Q1"	"63.8"	""	"Dummyella dummius"	""	"19 °C"	"Thermophilic"	"Free living"	""	"o"	"DUMMY_Q1"	"H"	"D"	"P"	"Q"	"HDPQ"	"010138117"	""	"QVHLIKAYSVKWKEVKDHVARNELIAYALAEPDECCTEDVTQDCNYRNTDFVRWNTLELLRCPGCETGPDNQAWDCYDRDMIWHLVNEWGIGLGFVEMEDEKMLNQCSNMDPYMAHTDPMTPRSKWEFRGRPDACSTF"
"DUMMY_H27"	"Putative hydrolase family protein, dummy homolog #27"	"1999-10-26"	"DUMMY_Q1"	"63"	"E"	"0.29"	"0.37"	"dummy_db"	"138"	"7.7"	"84"	"PF00000 Dummy_domain 8-121 7.0E-14"	""	"DUMMY_Q1"	"63"	"DUMMY_Q1"	"63"	""	"Sampleorganismus genericus"	""	"22 °C"	"Thermophilic"	"Host associated"	""	"o"	"DUMMY_Q1"	"H"	"D"	"P"	"Q"	"HDPQ"	"480014037"	""	"IPYCIQPHTLKWKDVSTVVIRNQLIAYALRFGCACCTNAWVQCINWRCNDFVRWHTQEQHDALSCETGATNQVVCGWIVCHIQHLVNEWGIKFWFAEYVLDSVANNCSKMINHFAHTDAINCTVKWCERDSVDKGVDE"
"DUMMY_H28"	"Putative hydrolase family protein, dummy homolog #28"	"2019-08-10"	"DUMMY_Q1"	"60.1"	"A"	"0.74"	"0.94"	"dummy_db"	"138"	"8.5"	"40.3"	"PF00000 Dummy_domain 8-121 3.8E-12"	""	"DUMMY_Q1"	"60.1"	"DUMMY_Q1"	"60.1"	""	"Filleria standardus"	""	"39 °C"	"Thermophilic"	"Free living"	""	"o"	"DUMMY_Q1"	"H"	"D"	"P"	"Q"	"HDPQ"	"511553626"	""	"IVQCIRAYDTKWRQTWTWVARNELIAYWLSSYDPCSTISWSQPCNYRNTDPSICWVMAQHRAVDCITCAAMQGYHRCHVKHLEHMVADNGSPQQFVEYHKDHMANGCSSRIRHFAHTDPFIPISKWENHNVKDQGRTE"
"DUMMY_H29"	"Putative hydrolase family protein, dummy homolog #29"	"2013-10-14"	"DUMMY_Q1"	"59.4"	"A"	"0.5"	"0.25"	"dummy_db"	"138"	"5.4"	"69.7"	"PF00000 Dummy_domain 8-121 2.6E-20"	""	"DUMMY_Q1"	"59.4"	"DUMMY_Q1"	"59.4"	""	"Testivibrio testicus"	""	"16 °C"	"Psychrophilic"	"Symbiotic"	""	"o"	"DUMMY_Q1"	"H"	"D"	"P"	"Q"	"HDPQ"	"049897368"	""	"WMDCIQAYTCKWKNWDRHVARNHLIAYALISGDECCTEMCVQKRHNRNVDCWRWNTYENTRMVDCRTMATNVSCDCKDEITNELLLWEGGIPLFDVEAYYDGMANNCPSMHYNFAHTGIEEPMTKDEWEWVKKYGETW"
"DUMMY_H30"	"Putative hydrolase family protein, dummy homolog #30"	"2018-07-17"	"DUMMY_Q1"	"58.7"	"E"	"0.53"	"0.88"	"dummy_db"	"138"	"6.5"	"66"	"PF00000 Dummy_domain 8-121 8.6E-6"	""	"DUMMY_Q1"	"58.7"	"DUMMY_Q1"	"58.7"	""	"Sampleorganismus vacuus"	""	"17 °C"	"Psychrophilic"	"Symbiotic"	""	"o"	"DUMMY_Q1"	"H"	"D"	"P"	"Q"	"HDPQ"	"260373191"	""	"IWQVIRMCTVRPKDEKFHVARNHLIHYALRFPIECCHRSRFQDCTMRNYDFVRPNTEVQDRALDCGLGANNYSWSNLWQKHFEHIVIETPIPLFFVCYFHDKMACLRSSMIKHFGMCDPENYLSKWENHGVADMSITE"
"DUMMY_H31"	"Putative hydrolase family protein, dummy homolog #31"	"2011-09-27"	"DUMMY_Q1"	"57.2"	"B"	"0.22"	"0.37"	"dummy_db"	"138"	"6"	"84.4"	"PF00000 Dummy_domain 8-121 1.3E-6"	""	"DUMMY_Q1"	"57.2"	"DUMMY_Q1"	"57.2"	""	"Nullospora fakei"	""	"54 °C"	"Thermophilic"	"Free living"	""	"o"	"DUMMY_Q1"	"H"	"D"	"P"	"Q"	"HDPQ"	"426352605"	""	"IEMCHHAYLMLQTMVTTHVYCQESNRNYHGYGDPVCTEMWVQDMKYRHVDFVRWNTQKQHRTLDCETGLTNQSWDHKSVCHAKHLFQENGWPTFKTDFGKKKMAWNCSEYNDKKAHTDAEHPCSKRENRGMKDLGVTE"
"DUMMY_H32"	"Putative hydrolase family protein, dummy homolog #32"	"2008-11-19"	"DUMMY_Q1"	"57.2"	"E"	"0.21"	"0.93"	"dummy_db"	"138"	"8.4"	"58.2"	"PF00000 Dummy_domain 8-121 3.7E-9"	""	"DUMMY_Q1"	"57.2"	"DUMMY_Q1"	"57.2"	""	"Dummyella nominalis"	""	"31 °C"	"Mesophilic"	"Symbiotic"	""	"o"	"DUMMY_Q1"	"H"	"D"	"P"	"Q"	"HDPQ"	"232397285"	""	"IVQCIIAYIVKWKDVPCDVARNELRTYEFLSTDECCPECWVQDDSCRSTHTSRWNYVEQDRAVIWEGGATSQHWKCKCVKAPIWLLHNNTIPSFLWMYFKTKYGNNEFCMINIFLHTRTEHHISKWEKRGVMDKGVTE"
"DUMMY_H33"	"Putative hydrolase family protein, dummy homolog #33"	"2014-02-26"	"DUMMY_Q1"	"53.6"	"E"	"0.56"	"0.13"	"dummy_db"	"138"	"5.3"	"58"	"PF00000 Dummy_domain 8-121 2.0E-17"	""	"DUMMY_Q1"	"53.6"	"DUMMY_Q1"	"53.6"	""	"Blankomyces standardus"	""	"61 °C"	"Mesophilic"	"Host associated"	""	"o"	"DUMMY_Q1"	"H"	"D"	"P"	"Q"	"HDPQ"	"004126629"	""	"CVGGITAYTVKDKKVKTDVARNTIIAYALNNDQDCCLESTVQNVNDRNERVVRWETAAQDHAYLCWTGGKNQTNDCTDVKQIEFLYNENAYREFFVKYYSYKMANECATMLNLLNGTPPENGRSMWEFRGQKFKAFAG"
"DUMMY_H34"	"Putative hydrolase family protein, dummy homolog #34"	""	"DUMMY_Q1"	"52.2"	"A"	"0.86"	"0.34"	"dummy_db"	"138"	"9.3"	"38.1"	"PF00000 Dummy_domain 8-121 4.9E-25"	""	"DUMMY_Q1"	"52.2"	"DUMMY_Q1"	"52.2"	""	"Pseudodatum referens"	""	"24 °C"	"Thermophilic"	"Free living"	""	"o"	"DUMMY_Q1"	"H"	"D"	"P"	"Q"	"HDPQ"	"872294741"	""	"MSQSRVYYAVKWKDVPTSVARNDLIATHLRSGFMVCTCPWVDDCNYNNTPTPRWSRQEPERAGDKETGKYPLCWRCKDHKHIYCLVNVNQIINFQVEYVKERGAPNCDSMMFGALPGDHERDRAKNNRRGVRMKGTAE"
"DUMMY_H35"	"Putative hydrolase family protein, dummy homolog #35"	"2008-08-04"	"DUMMY_Q1"	"53.6"	"B"	"0.23"	"0.03"	"dummy_db"	"138"	"6.8"	"57.3"	"PF00000 Dummy_domain 8-121 2.6E-8"	""	"DUMMY_Q1"	"53.6"	"DUMMY_Q1"	"53.6"	""	"Sampleorganismus placeholdi"	""	"46 °C"	"Mesophilic"	"Symbiotic"	""	"o"	"DUMMY_Q1"	"H"	"D"	"P"	"Q"	"HDPQ"	"037328582"	""	"IVYVRYACSVKYRDKATHVARNESPMYLEASGDVCRTHLHVQDCIGRNTGFDMWMTLEQHVAIDHETGITGQSWHQKDPIHIQHFVNENGHFERFVVYYKDIMANSCSSLTTHFLKWSPDNPRDKWAVRSVKRTPFEW"
"DUMMY_H36"	"Putative hydrolase family protein, dummy homolog #36"	"1998-11-10"	"DUMMY_Q1"	"50.7"	"E"	"0.26"	"0.37"	"dummy_db"	"138"	"5.5"	"47.6"	"PF00000 Dummy_domain 8-121 1.6E-9"	""	"DUMMY_Q1"	"50.7"	"DUMMY_Q1"	"50.7"	""	"Synthomonas syntheticus"	""	"76 °C"	"Psychrophilic"	"Symbiotic"	""	"o"	"DUMMY_Q1"	"H"	"D"	"P"	"Q"	"HDPQ"	"157441563"	""	"IFQNIQCHTMGHPDSCTMVARNELIYYHLRFYCPCITVMWSQEYYDRNDRIVRWNYQEQDDEKDCSTGATNASWECATVCDIIQLHEQRGIDLQFAEYYKCKVYNYDGCVINGFATTDPEEPRSELEPVKRKDKKVYR"
"DUMMY_H37"	"Putative hydrolase family protein, dummy homolog #37"	"2008-04-05"	"DUMMY_Q1"	"51.4"	"E"	"0.75"	"0.72"	"dummy_db"	"138"	"8.3"	"77.7"	"PF00000 Dummy_domain 8-121 1.0E-17"	""	"DUMMY_Q1"	"51.4"	"DUMMY_Q1"	"51.4"	""	"Sampleorganismus standardus"	""	"36 °C"	"Psychrophilic"	"Symbiotic"	""	"o"	"DUMMY_Q1"	"H"	"D"	"P"	"Q"	"HDPQ"	"219897389"	""	"FVQRISHYTHLWCRWVTWEMRNMLIAWALRSGMHYCRWHDVCSCNVRNPIPVRSNTLPQHRAPELCTPQTHQGWDPKHVKHIDHHYNEQGHWLFFVEYYKRKMADNYKFQIFSFSPTRPGTPRTDWSNYYYKDKKVTE"
"DUMMY_H38"	"Putative hydrolase family protein, dummy homolog #38"	"2009-02-19"	"DUMMY_Q1"	"49.3"	"E"	"0.69"	"0.53"	"dummy_db"	"138"	"8.7"	"36"	"PF00000 Dummy_domain 8-121 1.3E-6"	""	"DUMMY_Q1"	"49.3"	"DUMMY_Q1"	"49.3"	""	"Prototypus exemplaris"	""	"11 °C"	"Thermophilic"	"Host associated"	""	"o"	"DUMMY_Q1"	"H"	"D"	"P"	"Q"	"HDPQ"	"371065879"	""	"KHWCIPSRTVHWKCIKTHVAPNMLISYKLRQGDEPCPYMWVQDCSVRNQRTLQWNRQWQRRWLDCEIVRKTASWTIKKVKWIHSPKAERGIPLYPVTYYKKYMAANCDSKGKHQAHTKFHRWQMAWENRLRTDSFITV"
"DUMMY_H39"	"Putative hydrolase family protein, dummy homolog #39"	"2004-11-11"	"DUMMY_Q1"	"48.6"	"B"	"0.2"	"0.46"	"dummy_db"	"138"	"7.5"	"63"	"PF00000 Dummy_domain 8-121 7.6E-4"	""	"DUMMY_Q1"	"48.6"	"DUMMY_Q1"	"48.6"	""	"Prototypus syntheticus"	""	"56 °C"	"Psychrophilic"	"Free living"	""	"o"	"DUMMY_Q1"	"H"	"D"	"P"	"Q"	"HDPQ"	"106357901"	""	"IQQGIAAYTHKCSDARTKMGRNYLIPYAPDSGDSCCWQQHWEHCSMRNADNTMNKTQEQCHSLDCNTGALNMSWANKDVNQKKDLGVLNYIPDFVDPYSKDWCANNCTRPWKEFDDTVPGNDRSDCENRGVKDKGAKQ"
"DUMMY_H40"	"Putative hydrolase family protein, dummy homolog #40"	"2010-09-15"	"DUMMY_Q1"	"47.1"	"E"	"0.18"	"0.06"	"dummy_db"	"138"	"4.9"	"63.9"	"PF00000 Dummy_domain 8-121 7.5E-26"	""	"DUMMY_Q1"	"47.1"	"DUMMY_Q1"	"47.1"	""	"Testivibrio testicus"	""	"43 °C"	"Thermophilic"	"Host associated"	""	"o"	"DUMMY_Q1"	"H"	"D"	"P"	"Q"	"HDPQ"	"254007342"	""	"LQMCIQEQTIHWKDVARRLAMNFHFAPQLFSGDNCCTEKTAQCCKYRQTMFVRENTQERHPILDMERGRTTMSSDCTNVKHPAHHVNHLGICDQFWKKNVRKRPNNDSICINNFACLDPWDPREMDEQFGNYWKDLTP"
"DUMMY_H41"	"Putative hydrolase family protein, dummy homolog #41"	""	"DUMMY_Q1"	"42.8"	"E"	"0.37"	"0.4"	"dummy_db"	"138"	"7.8"	"73.1"	"PF00000 Dummy_domain 8-121 3.2E-26"	""	"DUMMY_Q1"	"42.8"	"DUMMY_Q1"	"42.8"	""	"Fakeomonas modelus"	""	"31 °C"	"Thermophilic"	"Host associated"	""	"o"	"DUMMY_Q1"	"H"	"D"	"P"	"Q"	"HDPQ"	"178374710"	""	"QVDVIQARAVLNVDMKTQEMFNYLEHYCLQEADEQCFNIKVKFCNKVCVSFTACNTQRQLIALDPTVGAEEQSSDRPWVVWCEALINENCMPIPCVMRGPDCMANNWVGMAMHFQHTAPGNPMQMWENRVVKREGFMV"
"DUMMY_H42"	"Putative hydrolase family protein, dummy homolog #42"	"2020-01-24"	"DUMMY_Q1"	"42.8"	"A"	"0.88"	"0.21"	"dummy_db"	"138"	"6.4"	"70.8"	"PF00000 Dummy_domain 8-121 7.4E-11"	""	"DUMMY_Q1"	"42.8"	"DUMMY_Q1"	"42.8"	""	"Fictibacter fakei"	""	"17 °C"	"Psychrophilic"	"Free living"	""	"o"	"DUMMY_Q1"	"H"	"D"	"P"	"Q"	"HDPQ"	"291757165"	""	"IVQCSPCMFEQWKIVKVSVARLQFYARATRRGDRGPFENRVQDVLRRNSAIKAWNAQEYQAAHTYCLSETCGSESKYDRRINEHWVNNNGIPLYWIPYSKWHMFNQCAHMINCFHHTTPENERYCRCERAVKSFKVTA"
"DUMMY_H43"	"Putative hydrolase family protein, dummy homolog #43"	"2015-02-17"	"DUMMY_Q1"	"43.5"	"E"	"0.64"	"0.31"	"dummy_db"	"138"	"4.7"	"65"	"PF00000 Dummy_domain 8-121 7.3E-20"	""	"DUMMY_Q1"	"43.5"	"DUMMY_Q1"	"43.5"	""	"Pseudodatum fictus"	""	"32 °C"	"Thermophilic"	"Symbiotic"	""	"o"	"DUMMY_Q1"	"H"	"D"	"P"	"Q"	"HDPQ"	"077494089"	""	"DVQFIQPYDVEWKDNKIHQAENMHWANELRSGDYNYREVPVCDCGYYYTRPRRPERREDHVCLALKQKATDASWPCKDVRHENHLNAEKGASYWWWYHYIDKMPNNHSFNYHHEILCDPEIDRGEWMMRGKRDRGVQR"
"DUMMY_H44"	"Putative hydrolase family protein, dummy homolog #44"	"2006-03-19"	"DUMMY_Q1"	"40.6"	"A"	"0.11"	"0.35"	"dummy_db"	"138"	"4.8"	"40.4"	"PF00000 Dummy_domain 8-121 7.8E-9"	""	"DUMMY_Q1"	"40.6"	"DUMMY_Q1"	"40.6"	""	"Prototypus standardus"	""	"16 °C"	"Psychrophilic"	"Free living"	""	"o"	"DUMMY_Q1"	"H"	"D"	"P"	"Q"	"HDPQ"	"852606613"	""	"NVHTSGAYTVYTDLVKLLQDRNRLGWKLQYMGDLKPMWMHGVHAMYTNTYLVPWLTVQPCDACTCETGAKWQVWSTVCKKHIAEPGNEMGIPLQAVEYYPDSMANEDCLKPMRFHHTTLVNPRQVWENVGVSWCGYAV"
"DUMMY_H45"	"Putative hydrolase family protein, dummy homolog #45"	""	"DUMMY_Q1"	"39.9"	"B"	"0.49"	"0.64"	"dummy_db"	"138"	"7.4"	"89.2"	"PF00000 Dummy_domain 8-121 9.4E-4"	""	"DUMMY_Q1"	"39.9"	"DUMMY_Q1"	"39.9"	""	"Prototypus fakei"	""	"70 °C"	"Mesophilic"	"Symbiotic"	""	"o"	"DUMMY_Q1"	"H"	"D"	"P"	"Q"	"HDPQ"	"517392385"	""	"ARERISAGNTCFKAYCNFVVRSELIFYALFERDECVTVMWVEGYNYDYTIHVCNLTEEHHPALHIEDGDTNWGNSKKDERHKVVLTNECGMRLFCVLTETLQEAHWNTSMINTFRHTVQIDPTKHEMGYPVKDPRVTA"
"DUMMY_H46"	"Putative hydrolase family protein, dummy homolog #46"	""	"DUMMY_Q1"	"37.7"	"A"	"0.93"	"0.88"	"dummy_db"	"138"	"5.1"	"84.1"	"PF00000 Dummy_domain 8-121 2.0E-9"	""	"DUMMY_Q1"	"37.7"	"DUMMY_Q1"	"37.7"	""	"Synthomonas syntheticus"	""	"66 °C"	"Thermophilic"	"Free living"	""	"o"	"DUMMY_Q1"	"H"	"D"	"P"	"Q"	"HDPQ"	"643390540"	""	"RRGHIVWHRVLFKYDKTPVADMGSIEYGSRKFDWFLPKFWVTVNTIRNRDKMRWNNRELHAALDILRGAIGTSWDCSVLALTLALAWRMFIDLMAVEMYCLKMSGTTSSAWQWFEFTDCRNPLWQWESRGVKSKMAKC"
"DUMMY_H47"	"Putative hydrolase family protein, dummy homolog #47"	"2021-07-16"	"DUMMY_Q1"	"37"	"A"	"0.71"	"0.2"	"dummy_db"	"138"	"5.6"	"80.7"	"PF00000 Dummy_domain 8-121 3.0E-24"	""	"DUMMY_Q1"	"37"	"DUMMY_Q1"	"37"	""	"Fictibacter simulans"	""	"75 °C"	"Psychrophilic"	"Host associated"	""	"o"	"DUMMY_Q1"	"H"	"D"	"P"	"Q"	"HDPQ"	"731825390"	""	"MVCCCQADTLKYYNWTCKVCKNELSNYNGRRCDTCFQEEWVQPENVPETDNMIISTKEPHRSGLRGNGRKTMIDLFIDKKYTEHEENEAGRRIHFVEKTYMKLAWNDEMMMKHFWDRLEEGPRQQWVVDWVGDRGVGE"
"DUMMY_H48"	"Putative hydrolase family protein, dummy homolog #48"	"2001-11-26"	"DUMMY_Q1"	"37"	"B"	"0.58"	"0.36"	"dummy_db"	"138"	"5.7"	"42.5"	"PF00000 Dummy_domain 8-121 8.0E-28"	""	"DUMMY_Q1"	"37"	"DUMMY_Q1"	"37"	""	"Fakeomonas standardus"	""	"54 °C"	"Thermophilic"	"Free living"	""	"o"	"DUMMY_Q1"	"H"	"D"	"P"	"Q"	"HDPQ"	"100683312"	""	"IVADWILYTVQYTEMNKHSRRQEEIAYLLKMGQMQWYEMECQDIRHPIVDFVRENTQEAAMCLLYGQSKPVRHSDCALVKVCEHLESNQCLPHCFIWGYKCLSVVVCWRWMAHHDHIDPRPPRFKWKMRRMKDKWVDF"
"DUMMY_H49"	"Putative hydrolase family protein, dummy homolog #49"	""	"DUMMY_Q1"	"34.8"	"E"	"0.11"	"0.11"	"dummy_db"	"138"	"6"	"46.6"	"PF00000 Dummy_domain 8-121 8.8E-15"	""	"DUMMY_Q1"	"34.8"	"DUMMY_Q1"	"34.8"	""	"Mockibacter standardus"	""	"29 °C"	"Mesophilic"	"Free living"	""	"o"	"DUMMY_Q1"	"H"	"D"	"P"	"Q"	"HDPQ"	"019922049"	""	"LWRYELLYHPKMGDAHSQDAQYVFIFIQKRQGDECWTRMNCAWETYTNNDFVFHNVNEGTRPWGCNKNKSTGVWGQKLCKSREHLVTLFGIPLITGEYKRNPMNVISVEMYMHFNMLKPMSPRSCQEGRADYDKPHTE"
